-1.0669832869848648,-1.2544142212494362
1.3083748606288201,-2.0090771815322332
3.5977451281241257,-2.689518778315909
5.78722914777207,-3.274452912562106
7.941179285810399,-3.7852438653685176
10.098256152574649,-4.2330213887679164
12.27410611541322,-4.622385900207484
14.474090690652476,-4.955922793330765
16.699630981552662,-5.2357266415695385
18.946547388440354,-5.4635265631700545
21.212256211457056,-5.641080027967058
23.491940117169037,-5.770197700513355
25.782051490195922,-5.8526136846352825
28.081120083712936,-5.889876242029918
30.38548902150045,-5.883784880460813
32.690179079462105,-5.8363224614874065
34.99459336556631,-5.748771923324991
37.297034541308165,-5.622611061640772
39.595822380920566,-5.459314379864333
41.89027797310339,-5.2601501362395044
44.17870336352357,-5.02660872472742
46.45840823445617,-4.760407594620082
48.72883214841492,-4.4627565798537105
50.990202591869824,-4.1346715462572625
53.243541312842055,-3.776967735757756
55.490346962664084,-3.390337381770327
57.73197367047489,-2.9755106748519444
59.968055484054815,-2.5336773520930738
62.19732131285537,-2.066273208402891
64.42017419725883,-1.574271002668457
66.63704578712596,-1.0586354517192875
68.84839528152665,-0.5203234076515548
71.05498899588477,0.039797283440724196
73.2554175367881,0.6202187209640175
75.44906620584263,1.2196703965780862
77.63715901920587,1.8374391491493558
79.82101156385784,2.4728399510623262
82.00001068674918,3.124587402093471
84.1727207364757,3.7911366156712023
86.34010937696388,4.4717110402635765
88.5039847705671,5.165806105444476
90.66372733509984,5.872122577995106
92.81800025369024,6.589123677256327
94.96813325719857,7.316166053875964
97.11573692768914,8.052701459817103
99.25957687660072,8.797208837577882
101.39887004635227,9.548680315928781
103.53612065079822,10.30744481767292
105.6704403063606,11.072637891658339
107.80066175554401,11.843296141592903
109.92880357384531,12.619596100364255
112.05446982755372,13.400844095521775
114.17668980675339,14.18613780902749
116.29712340060885,14.975536395325257
118.41536257300125,15.76833875722556
120.53078704445048,16.563765322856344
122.64475370883552,17.36177141307603
124.7567796216752,18.161625522407356
126.86685288475289,18.962772715437346
128.9756172495337,19.764904687701165
131.0828189453789,20.567374574073945
133.18882701845382,21.369771001312973
135.29379095583988,22.171599441081398
137.39770048511792,22.972304792515516
139.50085217498417,23.771448350910337
141.6034277471937,24.56854785598673
143.7053758051253,25.363032713572384
145.80719312411452,26.15453973193172
147.90854590297064,26.942392187615134
150.010021906584,27.726260231402883
152.11152092760236,28.505556043110523
154.2132528019124,29.279807543871517
156.31543249815417,30.048544561226215
158.41804142873187,30.81121072243479
160.52137956693312,31.567366421023653
162.6254184627953,32.31645260682595
164.7304239035837,33.058016318886544
166.83642376335985,33.791519637651284
168.94358627960577,34.516474242547986
171.0520543130284,35.232382949727686
173.16184368149408,35.938704754799375
175.27326168912228,36.634997838592994
177.3861270049696,37.320656550003676
179.50094977819776,37.995303444281
181.61731868963537,38.65826213122829
183.73597213490677,39.30922248935793
185.85624962942703,39.947437436171775
187.97912827509845,40.572660895538874
190.10369459846314,41.18408124432693
192.23107039474695,41.78148150928372
194.36029674234118,42.36432904507021
196.49187982034348,42.932497955826385
198.62616470946435,43.486188188926796
200.76226618157742,44.02527827966248
202.9017239363102,44.55026022043613
205.04422492554255,45.06117323458749
207.19117124470472,45.55846093399465
209.34137548115388,46.04197880426531
211.49583462838982,46.512060018932324
213.65345763199753,46.96859872523459
215.81511841756387,47.41188607865798
217.97985480206677,47.841857304239994
220.14840726912968,48.25876407598202
222.31995099464723,48.66257961056111
224.49508604171075,49.05351951677468
226.6731301823666,49.431591188095275
228.85453937968023,49.796978221041556
231.03877610899403,50.149717874409816
233.2261516880504,50.489966191757944
235.41627245519484,50.81778570546274
237.60930744969065,51.1333095605634
239.80500331912702,51.436620886349694
242.00339183557273,51.72783459114717
244.20435396271927,52.00704981018782
246.4077915591677,52.27436772296329
248.61371177549356,52.529899109031014
250.82189592753312,52.77373563975561
253.0324674096988,53.00599572253369
255.2450980438535,53.22676534927334
257.4600160431261,53.43616697195221
259.6767961190447,53.63428426248756
261.8957587291127,53.82124062895177
264.1163948533739,53.997120262545316
266.3391037967736,54.16204497055282
268.5633068527013,54.31610175559396
270.78946826828115,54.45940881337783
273.01695404783067,54.59205769745688
275.2462792639377,54.7141615221373
277.47676908941526,54.825817591914195
279.7089753697442,54.927132988968914
281.94219669483056,55.01821145798653
284.1770079460743,55.09915358179932
286.4126949273041,55.17006976514558
288.6496405380783,55.231056601968575
290.8877362280497,55.28221931990986
293.12661496725553,55.32366894459192
295.36680851079774,55.35549206406288
297.6075231357888,55.37781760238525
299.84941661925944,55.390721515831984
302.0917285425511,55.39433803051766
304.33508289238745,55.388738407870086
306.57876227013776,55.37406087782069
308.8231198183025,55.35038568404949
311.06817362414296,55.31781265748389
313.3134821797364,55.27647042263841
315.55953125669254,55.22642575575564
317.8056742680924,55.16782558491169
320.052423835523,55.10073030544524
322.29920413588894,55.025285853944
324.54624361112127,54.941571964172866
326.79368969370074,54.84967534622285
329.04107500317747,54.74973795058861
331.2887698407302,54.64182351297292
333.53634338003354,54.52607345962982
335.7840013853124,54.40256533121872
338.03170299478927,54.27140227524338
340.2792596230393,54.13270327362824
342.52684365069706,53.98654744990485
344.77420096293497,53.83306242271797
347.021429562053,53.67233469728065
349.2684959443344,53.504466548745256
351.5153051934149,53.32956780445273
353.76188493362446,53.14773286578806
356.0081686469471,52.959068265461845
358.2541553534579,52.76367191049189
360.49977321276384,52.56165123621174
362.7450670223351,52.35309766738724
364.9899446849516,52.138121771790914
367.23440999091014,51.91682045128688
369.4784916219893,51.6892869970298
371.72200631000885,51.455645972833
373.96515868649925,51.21596373370887
376.20783565381066,50.97035504352415
378.44983473111455,50.718948498544755
380.691473450894,50.4617909992158
382.9325213405216,50.19901670600551
385.17291921020916,49.93073212227406
387.41289574483716,49.65699665210269
389.6521681493843,49.37795441567855
391.8908540157186,49.09368238462791
394.1290509854049,48.80426091522001
396.3664437076427,48.50984121567622
398.6033188828549,48.210470049002055
400.83964485998314,47.90624996882172
403.07508665947006,47.59733722640844
405.31007110240716,47.28375186235401
407.54445933187964,46.96561596748653
409.7779079624797,46.64308886740973
412.0109414016705,46.3161704950705
414.2433484598247,45.9849969623596
416.474786986425,45.649728823580915
418.70582969347873,45.310354531574866
420.93623411502114,44.96701695639878
423.1656675320277,44.61987618834674
425.3947007742374,44.268918714742824
427.62310166946895,43.91428625328498
429.85055382924253,43.55613690529971
432.07758002701115,43.19446451728527
434.30399570219174,42.82940213137984
436.5295065476671,42.46110450591601
438.7545491578771,42.08958099940776
440.97901574326,41.714949773070764
443.2026388282448,41.33736105441069
445.4257419715827,40.95684584239945
447.64831205640724,40.573503327333384
449.870112330773,40.18747817505961
452.0913401805241,39.798826429400876
454.31208145268124,39.40762698095703
456.53213328781584,39.01401804921534
458.75156923974356,38.61808087017312
460.97056312937855,38.2198759508363
463.18894856088735,37.81953431505985
465.40669420750436,37.4171589201048
467.62403453716024,37.01279736797881
469.8408417052244,36.60657286337755
472.05702934768595,36.19859993894997
474.2728072924403,35.78893110069417
476.48811502877214,35.377675543971925
478.7028843716152,34.96494407545598
480.917223140715,34.55081050735464
483.1311366753488,34.1353702098032
485.34460111383845,33.71872469969978
487.5576500326483,33.30096339737786
489.770295002481,32.882180358865384
491.9825573742243,32.462467579710996
494.19447526682586,32.04191352317345
496.4059870566547,31.620627657632312
498.61715416448516,31.19869355075519
500.82807131789656,30.776187763979586
503.0386271680871,30.353230169463203
505.2488428451885,29.929912824067856
507.45886146677617,29.50630220370956
509.6686432250034,29.08250308771032
511.8780508860406,28.658640623622983
514.087276448428,28.234771248122836
516.2964454812304,27.810965233185
518.5052187987721,27.38738943267203
520.7137830263596,26.96410167510077
522.9224118990919,26.541141774444284
525.1307922600873,26.118670569515118
527.3388915073808,25.69679120839543
529.54703443339,25.275533577152864
531.755218542871,24.85499441997753
533.9630006983416,24.435360179070422
536.170757293661,24.01665106879757
538.3788168432973,23.59889697523864
540.586555065572,23.18231943188117
542.7941488709604,22.76697948551776
545.0020620618534,22.352880981270097
547.209992674335,21.9401796885225
549.417608131476,21.529037420442933
551.6254259154857,21.119449019363437
553.8336840300913,20.711463913519786
556.0415190351688,20.305345426426356
558.24938708784,19.90110205655061
560.4578962009658,19.498713162660433
562.666292754744,19.09841766084143
564.8745011989992,18.700326031644856
567.0831854051142,18.304409653522132
569.2923231856844,17.91076801557303
571.5009990984925,17.519666186031714
573.7099338181994,17.131068169319644
575.9197475915257,16.744956297919988
578.1292479755367,16.361640939412926
580.3387403363017,15.98116358723863
582.5490397760525,15.603475040695276
584.7595905242188,15.22876771978587
586.9698175096569,14.857237414847916
589.180595146686,14.488829160727551
591.3922838047965,14.123575998300588
593.6034038882106,13.761822696723957
595.8147724328115,13.403528861395241
598.0273601233318,13.048628621383571
600.2397758678751,12.697443079582769
602.452095126547,12.350055738509177
604.6653504437238,12.00639691922418
606.8791757881002,11.666617874137811
609.0925197354208,11.330976743308769
611.3064778661148,10.99940116044263
613.5216838102432,10.67188884628622
615.7362412559099,10.348815819890518
617.9510558830443,10.030144942626938
620.1673151438031,9.715751305700891
622.3833804850717,9.405842524875636
624.5992782046537,9.100391605108044
626.816253939341,8.799203062847283
629.0337626281815,8.502324364136895
631.2506528612627,8.2098837768071
633.4682399078988,7.921686833314178
635.6871289090262,7.637630112238886
637.9049409267411,7.357985014828657
640.1230611145057,7.082559464553918
642.3429020143175,6.811158087103572
644.5619680909464,6.54404500746391
646.7809522934547,6.281117735675087
649.0013354448989,6.022185414703273
651.2217174233695,5.767371868654538
653.4419104116193,5.51667187555068
655.6635463948818,5.269891732925144
657.8861849746269,5.027046159059864
660.1084830964578,4.788238085330939
662.3318994261863,4.5533043812846685
664.5568802856118,4.3221751005389475
666.7812791659126,4.095011666545752
669.0065002283364,3.871667997894356
671.2336303907533,3.6520245911258193
673.4601987853895,3.4362501346473735
675.6873428728716,3.2242301392795305
677.9163461228726,3.0158390542888984
680.145124293327,2.811197337882666
682.3742787392744,2.610235878223584
684.6050283633413,2.4128435759902924
686.8359219787749,2.2190838714183023
689.0670387334295,2.028923865555921
691.2995304469584,1.8422657938364946
693.5324437394266,1.6591338587769666
695.765469920484,1.4795164351855092
697.9996914324282,1.3033278902746375
700.2345281825076,1.1305669673664323
702.4694064376682,0.9612321016578917
704.7053372228908,0.7952485516594621
706.9420015681679,0.6325998480974064
709.1786703777522,0.4732865729984166
711.4162815042707,0.3172436341386984
713.6546786071835,0.16444655882383863
715.8930725554605,0.014892994034571672
718.1323265889839,-0.13147372168031524
720.3723631796291,-0.27468138879400783
722.6124132065969,-0.41473803687023825
724.8532642014399,-0.5516930751488847
727.0948489987693,-0.6855749901194947
729.3364826348632,-0.8163983859105812
731.578876213688,-0.9442065482569433
733.8219202226113,-1.069027558557444
736.0650618050195,-1.1908821363662554
738.3089353278878,-1.3098085171358864
740.5533520081324,-1.4258343808661493
742.7979228771302,-1.5389852072454122
745.0432057012175,-1.649295195826788
747.2889110045908,-1.7567923050277514
749.5348296799359,-1.8615049456971597
751.7814435134362,-1.9634642341739674
754.028355788039,-2.0626993905304687
756.2755381276797,-2.159239826418151
758.5233974837022,-2.2531144621535866
760.7714372456242,-2.3443547471856476
763.0197965908526,-2.4329893744211457
765.2688055011076,-2.5190459068793754
767.5178989228311,-2.6025586245232635
769.7673497236541,-2.683554317762077
772.0173567303593,-2.7620605515720413
774.2674773561906,-2.8381125587493914
776.5179725435313,-2.9117362076485884
778.7688472850124,-2.982961140665049
781.019902378865,-3.0518202922057496
783.2713310662763,-3.118339758161036
785.5230026053351,-3.1825517158508116
787.774897376017,-3.2444861168693455
790.0271423888925,-3.304169792528695
792.279541839886,-3.36163684879401
794.5321815218108,-3.416914724140372
796.7851015098436,-3.4700319940649607
799.0381781285442,-3.5210214968665623
801.2914788988811,-3.5699108908444117
803.5449648197988,-3.616730837552076
805.7986188747886,-3.661511355962265
808.0524550139644,-3.7042815286991955
810.306435879742,-3.7450720415154963
812.5605654713801,-3.7839122499725173
814.8148248802795,-3.820832268048716
817.0692130556422,-3.855861602344894
819.3236990456498,-3.88903080149825
821.5782980994358,-3.9203687648836665
823.8329898854176,-3.9499056895761333
826.0877319330009,-3.977672597367925
828.3425650241026,-4.003697346234258
830.59742536404,-4.0280118393291175
832.8523511911843,-4.050643963302952
835.1073120478854,-4.071624351655697
837.3622565974107,-4.09098448555605
839.6172398880179,-4.1087514650341
841.8721884947742,-4.1249577478517185
844.1271460895656,-4.13963084841454
846.3820704082336,-4.152801948398998
848.6369368229978,-4.164501469067624
850.8917721242224,-4.1747575939637
853.1465175642473,-4.183602259995265
855.4012067316241,-4.1910633213768245
857.6557932436583,-4.197172191300331
859.910287868758,-4.201957724582131
862.1646738960885,-4.205450012165645
864.4189201992851,-4.2076797961463255
866.6730427095089,-4.208675685917346
868.9270083328072,-4.208468517990273
871.1808170809445,-4.2070876224871645
873.4344570804958,-4.204562870714703
875.6879047754583,-4.200924665878457
877.9411717534746,-4.196201812621283
880.1942117550799,-4.190425741866504
882.4470516586448,-4.183624572923211
884.6996450349315,-4.175829732039903
886.9520040387787,-4.16707001465752
889.2041131152793,-4.157375453603675
891.4559536032368,-4.146776219506183
893.7075264802262,-4.1353016182689935
895.9588060156372,-4.122982121670679
898.2097990694032,-4.1098467925234425
900.4604997211089,-4.095925240173704
902.710993501371,-4.0812432097957165
904.9613255172382,-4.065828132230807
907.2115237533326,-4.049708142486188
909.4615863218684,-4.032912586638018
911.7115146677069,-4.015470677595582
913.9613217307866,-3.9974111758008277
916.210994142795,-3.9787638614329683
918.4605599953567,-3.9595569325394164
920.7099908909317,-3.9398207084057706
922.9593301408504,-3.9195828592339437
925.2085343506031,-3.898874204728558
927.4576618688345,-3.8777219316077174
929.7066545823492,-3.856157312164127
931.9555854485046,-3.8342071023422504
934.2043821540575,-3.8119029715731627
936.4530963850156,-3.7892724733261485
938.7017480200832,-3.7663441964347104
940.9502793272297,-3.7431492062403477
943.1987833817259,-3.7197138524047983
945.447158343348,-3.696070452677745
947.6955195500748,-3.672244814582985
949.9437541714959,-3.648269435710111
952.1919878011917,-3.6241699769381635
954.4400980544876,-3.599979046190828
956.6882192251383,-3.5757222272313904
958.9362209673177,-3.551432170346892
961.184236900183,-3.5271346492495774
963.432153463891,-3.502861712408914
965.6800212608615,-3.4786413483214274
967.9279255284109,-3.454500711892323
970.1757235606387,-3.4304722915470247
972.4235664093507,-3.406581894218874
974.6713094842521,-3.382861853796201
976.9191044817287,-3.3593381564895797
979.1668069211065,-3.336042936310642
981.4145671013542,-3.313002400615964
983.662242665785,-3.290248446018813
985.9099660691264,-3.26780780531372
988.1576422865966,-3.2457113349341307
990.4053021344862,-3.22398769173361
992.6530300050177,-3.202664631134946
994.9006946002587,-3.1817733952410694
997.1484285742602,-3.1613411283866415
999.3961091725292,-3.1413987733371846
1001.6438591854787,-3.1219737772321725
1003.8915662013205,-3.1030967833340486
1006.1393413782532,-3.0847955376953187
1008.3870843416003,-3.067100391904402
1010.6348929659334,-3.050039379181205
1012.8826804861638,-3.0336425746919136
1015.130529975037,-3.0179382798467573
1017.3783697128168,-3.002956315360756
1019.6262665990773,-2.9887252253502914
1021.8741652461201,-2.9752746039164757
1024.12210614218,-2.9626332787267957
1026.37007843392,-2.9508304555257343
1028.6180764597575,-2.9398953036506588
1030.866118737735,-2.9298568410922914
1033.1141880731675,-2.9207442835231396
1035.3622937378811,-2.9125867103082457
1037.610437614536,-2.905413228868206
1039.8586091525528,-2.8992529887523064
1042.1068183119278,-2.8941350659813456
1044.3550688693174,-2.8900885094945155
1046.6033372054956,-2.8871422882196325
1048.8516749883106,-2.8853252432258536
1051.1000115555355,-2.884666194196844
1053.3484279010668,-2.8851560432832373
1055.5968324253793,-2.8867851703230656
1057.845326852244,-2.8895433980751353
1060.0937988690025,-2.8934199532092753
1062.3423706937904,-2.8984041483333427
1064.5909096251116,-2.9044845731969624
1066.839557976359,-2.911650363349879
1069.08816313932,-2.919889623407404
1071.3368377898958,-2.929191287923009
1073.5855575775465,-2.93954364304556
1075.8342554144258,-2.950934699845081
1078.083090836951,-2.963353519740797
1080.3318527796932,-2.976787080245639
1082.5807605690134,-2.991224831411004
1084.8295856280624,-3.006653323045308
1087.0784493108104,-3.0230614252863868
1089.3274512921337,-3.0404378017197087
1091.5763639309653,-3.0587685608161674
1093.8254418089446,-3.078043664061004
1096.0744199027727,-3.0982486109112024
1098.3234176864025,-3.1193722870087375
1100.5726015196183,-3.1414039777204112
1102.8216578952758,-3.164328263141905
1105.0708104897867,-3.1881351200508092
1107.3200191655696,-3.212811720782539
1109.5691562830277,-3.2383442537652556
1111.8184352017986,-3.2647227147402886
1114.0676905279656,-3.2919326634220183
1116.3169056960496,-3.319961414705343
1118.5662791036525,-3.3487989083575376
1120.8156059992446,-3.378429934139472
1123.0648964914865,-3.408842055304333
1125.3143345329179,-3.440025132678341
1127.5637557758132,-3.4719642203787013
1129.8131188599089,-3.5046460707478624
1132.0625938725507,-3.538060442706508
1134.3121299641455,-3.5721938219893445
1136.5615629307838,-3.607030965093274
1138.8110496254442,-3.642561502610997
1141.0606746444992,-3.678773905229823
1143.3102188747691,-3.715651783263448
1145.5597385313874,-3.7531831589564444
1147.8093729772843,-3.7913573813919146
1150.0590656953389,-3.8301604782241454
1152.3086606390464,-3.8695767375921095
1154.5582629222772,-3.9095949012368196
1156.8079956108181,-3.9502039671327673
1159.0577533374044,-3.9913888050726896
1161.3074362917914,-4.033134312952157
1163.5571174456181,-4.075428463673923
1165.806904831653,-4.118259786116438
1168.0567252848027,-4.161613303494677
1170.3065281466231,-4.205474344946922
1172.5562848105528,-4.249828522192987
1174.8060895884232,-4.294663668955864
1177.0559709753402,-4.33996612788822
1179.3058654563777,-4.385720179544138
1181.5557495631842,-4.431910626759436
1183.8055956969342,-4.478521840463892
1186.0554820871002,-4.525539912995774
1188.3054363516712,-4.572949302891365
1190.555403796865,-4.620731973584381
1192.8053845389627,-4.668869943651266
1195.0553488264725,-4.717342847420613
1197.3052991083282,-4.766127442199506
1199.555309319024,-4.814614549853537
1201.8054014680172,-4.861707609671537
1204.0555695746095,-4.906309325613734
1206.3058392456123,-4.9473230495111995
1208.5562366982856,-4.983652144923863
1210.80677115888,-5.014199593953353
1213.0574648740576,-5.037868672126421
1215.308388834744,-5.053563761910569
1217.5595763041474,-5.060188382183085
1219.8110305674004,-5.056645361183849
1222.0627808223235,-5.041838126835577
1224.3148566591533,-5.014670115892643
1226.5672880332122,-4.974044773437443
1228.820105238404,-4.918865552361271
1231.0733388815174,-4.848035912837094
1233.3270078784262,-4.760459036591353
1235.5811496279266,-4.655038547560325
1237.8358153504653,-4.530678402032739
1240.0910305154646,-4.386281933825057
1242.346818774872,-4.22075243256725
1244.6032120997313,-4.032993390787819
1246.8602437309662,-3.821908332093108
1249.118192450542,-3.5864068220212975
1251.3781009073145,-3.3254173002735192
1253.6409910579962,-3.0378676946130376
1255.9065362284323,-2.7226530641000983
1258.173460784061,-2.3786465181835528
1260.440256463872,-2.0047163351477053
1262.7052201931697,-1.5997274349151498
1264.9664043613586,-1.1625416811327831
1267.2215581148316,-0.6920189733142958
1269.4680517753202,-0.18701955982127672
1271.702215715565,0.35358609594208623
1273.9202398914997,0.9309246129536488
1276.1178337185247,1.546106241518336
1278.2894648111462,2.2001798303442905
1280.4282125939828,2.8941008180245493
1282.5171123677135,3.627938293692228
1284.5497824327795,4.402958137125161
1286.516946817784,5.220004395462117
1288.3782700637269,6.07417061898534
1290.111809597693,6.964817477359778
1291.6882724482975,7.889131892853339
1293.0303851486613,8.826038313326368
1294.0848386409157,9.766339500246787
1294.8322427509636,10.723628350426138
1295.2805799282023,11.737780679061986
1295.4881480701952,12.922999493079626
1295.4973537009812,14.352028930505522
1295.3289678468084,15.962395591864606
1295.003768801515,17.68667059002453
1294.538827234211,19.48744991661021
1293.9487803434909,21.33833609855312
1293.2529212452653,23.19745380143732
1292.4596917721203,25.052529695893572
1291.5688982787472,26.911556076102976
1290.5954701034902,28.751091529730147
1289.5479586224772,30.55977353181522
1288.4308257370053,32.33338924924619
1287.243592465583,34.07575379179151
1285.990826800598,35.783025162904394
1284.6793527793238,37.44814295758209
1283.312806567915,39.06834518428843
1281.8953974818241,40.64013800004842
1280.4355859522484,42.154881886451406
1278.9317420320313,43.61551241050033
1277.3828496746964,45.02430038987264
1275.7977560113372,46.37345274381829
1274.18414735488,47.65629243618926
1272.5447370277593,48.87063092825626
1270.867433903427,50.0267403490153
1269.1585636539362,51.12054335875659
1267.4335207958757,52.141430135160064
1265.673412902773,53.10153584108198
1263.8909121060299,53.99392214461096
1262.0862526558872,54.81847632880883
1260.2480624073648,55.580816564698225
1258.3907668768527,56.27592192102139
1256.5028281500202,56.909683597619804
1254.5921969311084,57.48141028137083
1252.6523121133994,57.99461601736862
1250.6875947195897,58.4501456585996
1248.6941164890036,58.8505035628705
1246.6757436372877,59.196977072292654
1244.6292627706948,59.49167410062921
1242.5597386519992,59.73606157928757
1240.4666987606488,59.931835648040035
1238.3477039071292,60.080706192725295
1236.2117754539495,60.184675668701885
1234.0519201643392,60.244859617405695
1231.8793116672334,60.263903343577155
1229.6882754760902,60.24259773353393
1227.4853259783301,60.183382359789405
1225.2721258120396,60.087930593168004
1223.0452970555725,59.95701168491075
1220.8137534561856,59.79384999865039
1218.575650163748,59.599333917202046
1216.33038455371,59.374643028804236
1214.083175849425,59.12241489105749
1211.8336792805374,58.84381953121095
1209.5824034991817,58.5402632525868
1207.331257855189,58.21355709273651
1205.0809421427196,57.865150367148324
1202.8321494558877,57.49649032627945
1200.585912383077,57.109131773230914
1198.3425926125456,56.70441203316569
1196.1025013888682,56.283651778561826
1193.8664410599388,55.84833635324945
1191.6350109612222,55.399882117616364
1189.4081398723577,54.93947524641235
1187.1860723418918,54.46841107330038
1184.969154707705,53.988020286196
1182.7575308002538,53.499563063475115
1180.5511008510173,53.004214762123674
1178.3498660175765,52.50318580146502
1176.1543083951242,51.99785294960644
1173.964581057508,51.48947990471698
1171.779748466067,50.978959602768306
1169.5995156293134,50.46740061563575
1167.4241078850343,49.95608431705372
1165.2533566477928,49.44616326802707
1163.0891474192483,48.93944989344865
1160.9298211470953,48.436640636820115
1158.772772613526,47.93814114716613
1156.6193167981862,47.44552959274952
1154.469372836059,46.95997847190421
1152.322652200533,46.482601808940295
1150.1824211980802,46.015480291487734
1148.0445780395148,45.55876657414
1145.9029813825691,45.11210313430072
1143.759088712294,44.67694154839312
1141.612620323432,44.25433984787784
1139.4632747686335,43.845351384401255
1137.3137084564075,43.45163280657503
1135.1615573612976,43.07387232325682
1133.002948643206,42.712417289424565
1130.8401201028494,42.367691503039566
1128.6739542652804,42.039902900937484
1126.5045230499131,41.72913882566913
1124.3334198754737,41.4356971745327
1122.1610629309375,41.15972527192086
1119.984089943069,40.90092545838761
1117.8022781054106,40.659336236958985
1115.6176659545947,40.43521506055338
1113.4303661084712,40.22865182455839
1111.240496881717,40.03973686435827
1109.0509586245337,39.868748682023316
1106.8592531054996,39.715652199084126
1104.6625319641985,39.58039548851437
1102.4635146868175,39.46313930182233
1100.262600143375,39.36397742958116
1098.0599367490902,39.2829987461554
1095.8563110913867,39.22029880775755
1093.6532201467026,39.17597414799942
1091.4481282959302,39.15015267110005
1089.2399031493117,39.14293805610589
1087.0307354284434,39.15434569547899
1084.8207972942641,39.18446249577512
1082.6102644219134,39.233375208045864
1080.4004022178324,39.301112812990226
1078.191443499777,39.38776804744691
1075.98129563885,39.49359798900958
1073.7701048742501,39.618681008688284
1071.5592503143464,39.76298611870951
1069.348927123157,39.92659752689665
1067.1393335372202,40.1095991157739
1064.9321014009488,40.31191073284498
1062.7264764032652,40.53374561480197
1060.5207435597365,40.77544364223527
1058.3160382587707,41.03694329339305
1056.1131009462545,41.318242073671215
1053.912147711957,41.619420311745365
1051.7135913543143,41.9405255948682
1049.5189817096336,42.281406594143654
1047.3267772876045,42.64247923678969
1045.1359360565766,43.02406329893944
1042.948206380067,43.42591634077658
1040.7638224630375,43.84811393491826
1038.583021709269,44.29073095474997
1036.4071999822597,44.753579099716305
1034.235822333954,45.236925334080794
1032.0676103175856,45.74121864741195
1029.9035658209946,46.26632874313503
1027.7443427393007,46.81221681277826
1025.5901987626278,47.37895168611709
1023.4424162486982,47.966314782876395
1021.3006817539214,48.57454928398404
1019.1638162960178,49.20415688847575
1017.0326547594451,49.85501853122387
1014.9079195717476,50.52705085096049
1012.7899177748378,51.220306162251376
1010.6803481555921,51.93436937855465
1008.5780429664068,52.669814772336764
1006.4819155413462,53.427187819618304
1004.3936667085385,54.2060158292984
1002.3136002083621,55.006349813373326
1000.2431499102871,55.82780619521152
998.1819317411687,56.67071830684119
996.1287592259243,57.53574428936988
994.0846502322169,58.42262622694062
992.0503231309399,59.33123377844051
990.0275105320145,60.26099407939698
988.0154766541698,61.2124371521075
986.0129194166961,62.18635245972032
984.0212763637312,63.182242441385306
982.0417341295763,64.1997302083357
980.0754030885888,65.23847640328907
978.1208638805767,66.29941626427687
976.1777501217434,67.3829412752089
974.2479216548842,68.48826543967824
972.3334322590938,69.6144978358704
970.43268606983,70.76276765907905
968.5444083148004,71.93402198129182
966.6713430905842,73.12687256642671
964.815346618141,74.34045887539612
962.9745402978594,75.57619173566628
961.1479124470252,76.83494163923606
959.3394091916106,78.11441331092524
957.549117275346,79.41483251185421
955.7747278247872,80.73802799353585
954.017813749514,82.08316525804776
952.2818919072841,83.44804380653227
950.5644100441494,84.83483016491222
948.8640902499155,86.24475010382625
947.1872249805336,87.67329727923985
945.5309356480864,89.12307772978463
943.8926419423113,90.59645997161792
942.2797957596711,92.08760834229074
940.6890868709918,93.59970961088548
939.1186886900293,95.1346720196642
937.5750829748887,96.68704306547957
936.0544162644214,98.26077227111836
934.558221602844,99.85476534248075
933.0893340012607,101.46667347353059
931.6438835401501,103.10079814954823
930.2280346479072,104.75117874942323
928.8389703745295,106.42131667884465
927.4771902504712,108.11110546020032
926.1457750878415,109.8175379551082
924.8421662599438,111.54415541498798
923.5705137269217,113.2864347766964
922.3284817483712,115.04792386419186
921.1193897496527,116.82486958128415
919.9417899451372,118.61990637685801
918.7980998025322,120.43028212825118
917.6878064991892,122.25749569912695
916.6123910416264,124.10002852797363
915.5722804772497,125.95802842481154
914.5680307823201,127.8314297785825
913.6009637774804,129.71883683554668
912.6707750738722,131.62182401596527
911.779580970993,133.5373023320301
910.9263384510705,135.46861816307361
910.1138021370671,137.4109048966665
909.3403675954933,139.36933257016284
908.6079014466654,141.33680030779104
907.9131545528874,143.31975507445796
907.2579102600515,145.3102171574345
906.6403235816363,147.3115186201535
906.0581606234474,149.32832389266878
905.5125909695274,151.3523535949328
904.9999089091789,153.39609018032272
904.5202961533537,155.4531403078216
904.0714428279201,157.53105695103687
903.652721112468,159.62630625925073
903.2631774900972,161.7379274368324
902.9013516787711,163.86989829790488
902.5666205462476,166.01568963221453
902.2577490193203,168.1791975595869
901.9738222287785,170.35598506455457
901.7138050620954,172.5476662062145
901.4766719164609,174.7515105349873
901.2614345491261,176.9674534073567
901.0670620230777,179.1939685802914
900.8925420582457,181.42996221522264
900.736877385729,183.67460863106348
900.5990223062197,185.92636719041283
900.4780091016178,188.18469266240055
900.3727820368816,190.44803984963852
900.2823815312313,192.7158596369116
900.2057713551072,194.98686751007037
900.1419825143511,197.2603858152061
900.0900149177052,199.53547020168782
900.0488897670708,201.81135177700483
900.0176369152781,204.08733064852558
899.9952907540152,206.36274225664894
899.9808770443535,208.63685604890154
899.9734626999294,210.90925246171238
899.9720983768333,213.1793897264324
899.9758210843528,215.44662350243777
899.9837376106428,217.71083669500192
899.9949109613285,219.9715776602024
900.0083719079582,222.2281444415482
900.0233367188171,224.48130693315105
900.0387437392574,226.72956670393023
900.0537142575181,228.97296773739998
900.0675780057816,231.21338402028482
900.0790946267228,233.44743616433166
900.0874961532229,235.6763320790244
900.0921878631594,237.90307551327507
900.091857879183,240.1226439843136
900.0857449412279,242.33670606540682
900.0732629139003,244.54929022873628
900.0532426121259,246.7555228510251
900.0247843627722,248.95526331753257
899.9872265206509,251.15337327246598
899.9396827971716,253.34871026941727
899.8811346338414,255.53529039831636
899.8107586064929,257.7185682255818
899.7277255687897,259.9029714835561
899.6312771273211,262.0814933229879
899.5205531129701,264.25294532148797
899.3944747861358,266.42353422417744
899.2521659911931,268.59470957527134
899.0931183804045,270.7612997817246
898.9169650570391,272.920594404469
898.722602133961,275.07892807009193
898.5092508846456,277.23924149611065
898.2769316444421,279.3972201984031
898.0254668572287,281.5501458518719
897.7542751154742,283.69822492025776
897.4619332970937,285.84716801406165
897.1479882761907,287.99692936096847
896.8124799034193,290.14478123185853
896.454903527386,292.29073458241453
896.0751129645959,294.43312546226997
895.6726910547297,296.5714710953643
895.2460668332976,298.7099919104806
894.7944754230926,300.84983013897545
894.317998268104,302.9890851165385
893.8162840968579,305.1273292552425
893.2890542860765,307.26389989762725
892.7360339604828,309.398122818941
892.1569511156532,311.52931531787414
891.5515360794384,313.6567880875306
890.9195211218006,315.7798465324814
890.2609247467693,317.8970451272822
889.5752037441003,320.00836065000846
888.8617374171657,322.1139594193943
888.1205423866302,324.21249973310023
887.3514509447785,326.303062642417
886.5542038950786,328.3849328418472
885.728544653876,330.4573893758444
884.8742196801836,332.51970489156497
883.9909789835174,334.57114477216305
883.0785767096129,336.6109661607428
882.1367718052156,338.63841688160966
881.1653287644941,340.65273426248694
880.1640184610046,342.65314385876405
879.1326190705438,344.6388580785489
878.0709170916805,346.6090747052625
876.9787084722842,348.56297531266273
875.8557998519791,350.4997235654959
874.7020099321669,352.418463397406
873.5171709871134,354.3183170562562
872.3011305315864,356.19838300562867
871.0538353148661,358.0576084428246
869.775228639342,359.89494569700315
868.4650089364458,361.7097030455742
867.1230481382839,363.50094268430576
865.7494375460502,365.26742321960177
864.3441654244774,367.0080424121094
862.9072537804741,368.7216535668059
861.4387622388433,370.40706165780915
859.9387923503178,372.0630191557876
858.4074923800443,373.68822154121307
856.8455402568488,375.2807351791052
855.2533865800831,376.8388891397419
853.63039884349,378.3622282862421
851.9768111158398,379.84935436637505
850.2936357840796,381.29804813106824
848.5815062077066,382.70647770704693
846.8439599254455,384.06993905866847
845.0795577301923,385.3884837866526
843.2859640169781,386.66298734207595
841.468059082751,387.88796026151346
839.6314496304993,389.05729781399
837.7724013612152,390.17246803209605
835.8899069953867,391.2328371018608
833.997593419169,392.22708021242033
832.0882067102273,393.1583050205647
830.1699047133061,394.0196422129173
828.2462531849759,394.80699292900414
826.3203111133228,395.5165405247799
824.3955304351045,396.1442687178487
822.4854131702131,396.6815693211412
820.5927146401435,397.1241703033323
818.7057487831354,397.47278974355515
816.8651227009467,397.7133158169935
815.0568849413891,397.8436799335173
813.2715196804004,397.8611487339086
811.5273259028525,397.7609220934204
809.8358491660416,397.5381723366189
808.1862018723319,397.18764685669584
806.5561974444611,396.7077166574342
804.9440274145105,396.1024661770698
803.3536584346018,395.3781953644863
801.7658984752475,394.52982311917543
800.1464020982163,393.5430816962349
798.5157271796846,392.44347521284465
796.8755690154629,391.2407870068422
795.2306340736243,389.94762342488656
793.5893478117332,388.58043601126883
791.9532345822904,387.147939002512
790.327915965268,385.6637689291802
788.709727222045,384.1297440254245
787.1049417127615,382.5609858062528
785.5111488917221,380.9605256534758
783.9267031671592,379.3324981710981
782.3526473243274,377.68503039010596
780.7872781614495,376.02208367744134
779.2289474406417,374.3477042358498
777.6762722963659,372.6663531955706
776.1275703317046,370.98201971938266
774.5811314709554,369.29864921444124
773.0351217365632,367.61999140080616
771.4875942945381,365.949618712092
769.9372452001105,364.2921040746459
768.382819220585,362.65209523827036
766.8217730983745,361.0322966877313
765.2521702446484,359.43630717094356
763.6762185753706,357.8736726960441
762.0917958605842,356.34791119716834
760.4938181455992,354.85857114774984
758.8891693205233,353.42054917488184
757.2774362877217,352.03981165028745
755.6499332379404,350.7127520399493
754.0247812487178,349.4648299173758
752.3914724404406,348.29253773983885
750.7536334226485,347.2055086699597
749.1167655777027,346.2149607484045
747.4789936820198,345.3265193325157
745.825309028838,344.5370469850358
744.1422547258624,343.84429716971135
742.4121013075302,343.2439589255976
740.6371455392741,342.7396688821623
738.8168420407765,342.3308070947156
736.9466347324484,342.0119722373288
735.037126579818,341.780454102785
733.0892912042976,341.63241949948565
731.1082015366839,341.56428271545497
729.0947516530642,341.57242115472746
727.0625430276701,341.6527217420836
724.9979637748709,341.803293591086
722.9277471528312,342.0173088130263
720.8413219541263,342.2938228174344
718.739164224383,342.6297664503816
716.639184464172,343.01817063636776
714.5329458935369,343.45868868839244
712.4186762944644,343.94911541676885
710.3079339705413,344.4831933670137
708.2010359323941,345.0583272441958
706.0937694085433,345.6734931751234
703.9876421217086,346.3255659376777
701.8857415729715,347.0108111180559
699.7899304451352,347.7259866111168
697.69882250855,348.4692056979392
695.6103573793849,349.238872889609
693.5257917338799,350.03191354137505
691.4454308861041,350.84568887354453
689.3688853303142,351.67788612971265
687.2962133357123,352.52597788304416
685.2263249634537,353.387997906452
683.1579537078575,354.2620678301587
681.0909432471385,355.14574792797237
679.0247779951537,356.03678260027885
676.9587095312369,356.93303696623474
674.891978394573,357.83238192638424
672.8238564578176,358.7326718340854
670.7533891017001,359.6318814857189
668.6797822756736,360.5278998099663
666.6024104665346,361.4185252481348
664.5205350600671,362.3016170972643
662.4334499454036,363.17501715373146
660.3405303203843,364.0365234729296
658.2412800580302,364.8838650628268
656.1351916804631,365.71477699442124
654.0218827216275,366.52692799577756
651.9014548949234,367.31773193735063
649.773976195664,368.08462025766147
647.6390029582919,368.8252874452672
645.4972869078647,369.5368234975875
643.351101115916,370.2155633196243
641.1999426183847,370.85918955388155
639.045842423838,371.4641886141352
636.8932469683257,372.02594273283745
634.7427268103262,372.5415401443495
632.601423613892,373.0053093752743
630.4751180249662,373.412119786883
628.3666306083969,373.7579385046024
626.2974145411811,374.032399008673
624.2769340484375,374.22879264456435
622.3142831476546,374.34050791060315
620.4422155046468,374.35592456663994
618.6746468999039,374.2662996405793
617.0087123490473,374.064245788399
615.4469790592735,373.74240433793005
613.9916070652763,373.29337401445184
612.6104344173186,372.7022451564203
611.2955031757758,371.9625932242708
610.0359583890496,371.0726010003261
608.8021781701742,370.0180028748384
607.5937858586595,368.80940046109856
606.4140204688865,367.46120581401107
605.2633576038145,365.9843039862546
604.1437097458803,364.3917665719949
603.0574579460273,362.6975046153556
602.0068598726499,360.91517165127993
600.9937650339601,359.05743760610693
600.0206614373583,357.1387356144875
599.0883683324186,355.1682523328977
598.195651255663,353.1478381940306
597.3439580564643,351.09023744085437
596.5324932430066,348.9979000138741
595.7609796762018,346.8759736664126
595.0291168722651,344.7294683788884
594.3361812879576,342.5605610640415
593.6817493922267,340.3737218799724
593.065090153957,338.170743458451
592.4855583060503,335.95428001312945
591.9424059249012,333.7257944007872
591.4349593252626,331.4877551356677
590.9625008564179,329.2419209783324
590.524219156857,326.9882301117783
590.1193654878589,324.7281080440828
589.7472273898381,322.46408278858195
589.4070407618086,320.19654465905916
589.0980405176911,317.92582398787147
588.8194640924128,315.65252108913995
588.5705466011426,313.37637060132556
588.3505160795337,311.0990705535552
588.15860237851,308.8221331771314
587.9940702048261,306.54482361114634
587.8561612505383,304.2675225408073
587.7441183741477,301.99056482051293
587.6571856883826,299.7142434806319
587.5946086137027,297.4388133792581
587.5556339042761,295.1644945311141
587.5395096520317,292.8914751430493
587.5454852734271,290.6199143830462
587.5728114827577,288.3499449072874
587.6207402551644,286.0816751676749
587.688528374539,283.8151262252418
587.7754287355734,281.5503864664056
587.8806875734476,279.28765461311804
588.0035635185731,277.0269320107655
588.1433202538996,274.76814234971073
588.2992161721255,272.51128817256193
588.4705105399353,270.25635940050216
588.6565361054999,268.00333983968585
588.8566263466504,265.7522032466993
589.070115422161,263.5029142004668
589.2963381235156,261.2554289077718
589.5346335376678,259.00964755922405
589.7843331194937,256.7655684430832
590.0447693327329,254.52317705824672
590.3152833654694,252.28234952759487
590.5952126264285,250.04300889282473
590.883894851114,247.80507417541918
591.180668109565,245.56846030941585
591.4848707700902,243.33307860490137
591.79584146442,241.09883718515698
592.1129190541953,238.86564140049907
592.435442598704,236.63339422164725
592.7627513237768,234.4019966152731
593.0941845917594,232.17134790421883
593.4290818724673,229.941346114737
593.766782715048,227.71188831297474
594.1066267206627,225.48287093281306
594.44795351592,223.25419009710293
594.7901027269878,221.02574193423226
595.1324139543284,218.79742289190764
595.4742267480015,216.5691300499814
595.8148805834925,214.340761434112
596.1537148380376,212.1122163319871
596.490068767425,209.88339561384475
596.823281483272,207.6542020589762
597.1526919307889,205.42454068988184
597.4776388687122,203.19431909309517
597.7974611760179,200.96344316523795
598.111498715995,198.73180462977507
598.4190918018392,196.49928855690533
598.7195788114462,194.26580948394457
599.012296237767,192.03131157125185
599.2965800603795,189.79574732734466
599.5717659090766,187.5590751624548
599.8371890503341,185.32125986667887
600.0921843753072,183.08227311299396
600.3360863896111,180.8420939868881
600.5682292051823,178.6007095444472
600.7879465345529,176.35811540082952
600.9945716879183,174.11431635116708
601.1874375734266,171.86932702603005
601.3658767011754,169.62317258370138
601.5292211914625,167.37588944161575
601.6768027879052,165.1275260494371
601.8079528761195,162.87814370636735
601.9220025087369,160.62781742537763
602.0182824376243,158.3766368472067
602.0961235886349,156.12468119136904
602.1548565212944,153.87205856739308
602.1938110954397,151.61896022118646
602.2123172538544,149.36555609468743
602.2097049284154,147.11200119770717
602.1853043016166,144.85849644496275
602.1384457933469,142.6052656304218
602.0684602001988,140.35255687102992
601.9746781985455,138.10061250489076
601.8564305056142,135.8496764218716
601.7130551114601,133.60021860890066
601.5438876405657,131.35264766742168
601.348259437703,129.10727730792354
601.1255079843461,126.86454002394592
600.874974004178,124.6249237350458
600.5960063896604,122.38904085919046
600.2879439790834,120.15736698781443
599.950133234168,117.93047084391385
599.5819504105514,115.70925156218203
599.1827705547656,113.49459602787874
598.7519050575702,111.28680206516604
598.2887171835824,109.08660615993774
597.7927659531315,106.89626821399827
597.2633156420626,104.71592621432124
596.699579644993,102.54538082152489
596.1014811787096,100.38877931540807
595.4681180853714,98.24556644783678
594.7988276937175,96.11645007907782
594.093602539032,94.00534525732809
593.3513291001026,91.91112544380452
592.5722469067979,89.83839333133844
591.7553332869593,87.78677102640066
590.9006542672571,85.75987592127117
590.0076934203273,83.75933454660324
589.0758995271036,81.78666276282011
588.1058516016965,79.84672160139354
587.0956437523135,77.9375262773755
586.0478719053344,76.06861453941114
584.960047281657,74.23741305547723
583.8319301328073,72.44631551633215
582.6672299948025,70.70580450237982
581.4618488945758,69.0115323514333
580.2147891326556,67.36458887292481
578.9308948268703,65.77552125994718
577.6099537102868,64.24732024839243
576.2471143694997,62.77660212797302
574.8419928915393,61.36560476516944
573.396551935329,60.01926625569865
571.9098346779282,58.73945811847345
570.3817081533987,57.52883901067536
568.8134368336243,56.39127738857647
567.1986611024018,55.324689155894475
565.5317588196879,54.32517789532553
563.8143012858549,53.391144146846976
562.0469958436515,52.520509225879564
560.233439422625,51.712614397132434
558.3811864963658,50.968517236550916
556.4850218788306,50.28441484518134
554.5428904090428,49.657549247174614
552.5678383126069,49.08946641241322
550.5655361607003,48.57991116155016
548.5293456359874,48.12609374380124
546.4643878494918,47.72721503429424
544.3806315852537,47.383134814094376
542.2707871679204,47.09189728946033
540.1466163101691,46.85298378455801
538.0059829156033,46.66520138445325
535.8497592002826,46.52742436793012
533.6833409974315,46.4385166826405
531.5072445798446,46.39746485657123
529.3231706241698,46.40319969210194
527.1341917918106,46.45455894511802
524.9409843902271,46.55058999869696
522.7437212388111,46.690393846765375
520.546806102536,46.87254403005507
518.3470521687519,47.09668965988516
516.1507638558454,47.36097448451075
513.9558660027195,47.66500007664993
511.76210219236117,48.0080230886863
509.5743103201069,48.38825790273205
507.3901372769798,48.805488883005864
505.2098996389173,49.258879630457706
503.037540914273,49.74670182475428
500.871299221502,50.2687007756474
498.710387936699,50.824357232138716
496.5579534495278,51.412035832125426
494.41407560551966,52.03100609283845
492.2775654201836,52.68092662667951
490.1490270444489,53.36088513957712
488.0299629416692,54.06967347588524
485.9206363321251,54.806504464771244
483.82007765724757,55.571022711834644
481.72843992387465,56.36246757683571
479.64650303205445,57.17984571605627
477.5751103930374,58.02213959880613
475.51385245775145,58.888820750500166
473.4618379730525,59.77955345985136
471.4196354255215,60.69340347638482
469.3875056691165,61.62956552890999
467.36574112867794,62.58722082647697
465.35464039592847,63.56554788252676
463.353307908023,64.56425789602774
461.36137172030107,65.58282365154962
459.37936942101663,66.62029564303413
457.40722170716816,67.67601604510095
455.44492418150634,68.74929098068704
453.493085021122,69.83912658804856
451.55072613944975,70.94531917341328
449.6169461494828,72.06762616120749
447.69240972722605,73.20499743407606
445.77695418892785,74.35681632890845
443.8704045162621,75.52247274619162
441.97274883651113,76.70126843137744
440.08444795354694,77.89224584168441
438.20433258240354,79.09535512958155
436.331484816035,80.31040429545145
434.46649535117433,81.53633528677581
432.60912043947565,82.77257595526918
430.75910542818013,84.01856059240676
428.9161848171722,85.27372998563195
427.0811856555909,86.53686154894262
425.25286358848837,87.8080077480659
423.4296980602392,89.08739350831029
421.6123819789891,90.3738418645675
419.80067227243154,91.66677668959345
417.9942370254356,92.965679654304
416.19273274642336,94.27004006173108
414.39713100483965,95.57846863604901
412.60590921207375,96.89126463846202
410.81724211517644,98.20893510979042
409.03191548117223,99.53016934930633
407.2496184315576,100.85443035102541
405.4699293548016,102.18126027693575
403.6933632216966,103.50952270488337
401.91873047412423,104.83933281906502
400.14326221475545,106.17198173682057
398.3665077627498,107.50701000143742
396.5886165342892,108.84349902777656
394.8091512559474,110.18098457838857
393.02873597390015,111.51817099403928
391.24554655729725,112.85570149981585
389.4580613114925,114.19397717706292
387.66709176874843,115.5315119470514
385.87230205294065,116.8677560080481
384.07380077796086,118.20179387757231
382.2702889163541,119.53387695571618
380.4608886935952,120.86390487678744
378.64598228766613,122.19071829240777
376.8254452101821,123.51358599152005
374.9986582598057,124.83219675474609
373.1649878733805,126.14625160577386
371.3244043787286,127.45493501347472
369.47670965304087,128.7575758824429
367.62156475501354,130.05362405071799
365.7587780386945,131.34240276061533
363.88820187796557,132.62319742459363
362.0094599969643,133.8954897569751
360.1226415273939,135.15836265308897
358.227802993768,136.41092686512295
356.3244526850975,137.65275963366278
354.4128219170237,138.88282588343614
352.4931000422148,140.1001258552608
350.56502122774845,141.30404002453173
348.6288907814231,142.4934755898406
346.6847614880281,143.6675469400543
344.73300576796413,144.82510916629124
342.77377678363194,145.9651931343135
340.80709996187534,147.08693065533012
338.8339769203296,148.1886941046304
336.85383235583635,149.27006226158795
334.86841112637563,150.32887285177847
332.87712388703363,151.36468000622835
330.8809979866609,152.37587641768596
328.88068322615374,153.36111932256745
326.87637014708906,154.31937905501192
324.8691430068235,155.24903470726758
322.8596895807758,156.1487192594407
320.8480127695149,157.01748887894956
318.8362805418685,157.85311319730593
316.8230976803029,158.6553913879965
314.8111076575964,159.4219277914003
312.8007247326432,160.15147822540195
310.78806028780076,160.84489926132377
308.78079076752,161.4977437093327
306.7694054193721,162.11293460189165
304.76552720200397,162.68500340412973
302.76231170969993,163.2152340458989
300.752641813948,163.70500100553704
298.749392789666,164.14972712729022
296.7344133430834,164.55302604721157
294.7100479329462,164.91383052690477
292.6759204436572,165.23289704026837
290.61998937962,165.51285635052574
288.55802461947394,165.75278778754432
286.48010444672843,165.95427681408637
284.38533776883764,166.11830092506625
282.28107512060143,166.24551872466625
280.15921695467625,166.33677143543636
278.02851141898964,166.3931458611948
275.8831783926518,166.41516236925764
273.72861875021255,166.4040452961139
271.5628624139645,166.36039018237227
269.3872895552991,166.28515097820394
267.20331611416634,166.17928619272905
265.0112205340378,166.04358727014298
262.8124888417555,165.8790453696089
260.60743476120956,165.68643725999735
258.3978955433544,165.46684372304574
256.18288116636603,165.2207369556111
253.96543563409801,164.9495183937964
251.74412112311282,164.65349481703143
249.521761566529,164.33407157539696
247.2973389188654,163.99161636111626
245.07257561176078,163.62727007625983
242.84782701151298,163.2417728923158
240.62286486828222,162.83568774446874
238.39930596495785,162.41015650461358
236.17697038457902,161.96574140444122
233.95637057603054,161.5032341548273
231.73795552707625,161.02340491803966
229.52203624779753,160.5269760106605
227.30905641568788,160.01471669855061
225.0989072513421,159.48719720916077
222.89213188970746,158.94522634132994
220.68920753585022,158.38958840068688
218.48951593908544,157.8206553202588
216.2936026608134,157.2392420147654
214.10213588064767,156.6462105726836
211.9144582897253,156.04190831388328
209.73066623677312,155.42697744614387
207.55121978698563,154.80220344930967
205.37607932714897,154.16817381622317
203.20491594557166,153.5253608856682
201.03787646445005,152.8744270111632
198.8750781802218,152.2160227220374
196.7162818985717,151.55065554053203
194.56155994211977,150.87895803754756
192.41084015510546,150.20150479910365
190.2637889803796,149.51876562141058
188.12029211573764,148.83129801078732
185.98066904803724,148.13983250903578
183.84483066683885,147.4449372621584
181.7119643479296,146.746894203459
179.58188036393207,146.0462302601877
177.4549190186294,145.34367949557395
175.3317504948209,144.64010398240185
173.21108367295344,143.93561079494998
171.0918654912244,143.23039778084845
168.97480406033728,142.52532744256817
166.86095523744262,141.8213921273401
164.74962198612215,141.11893719410642
162.6387599712051,140.41781723985946
160.52865982664449,139.71872506540606
158.4198618963791,139.02244177906783
156.314227963035,138.3302085325617
154.20922177363897,137.64176096385674
152.1024937122142,136.95689737053144
149.9959067068661,136.27680156565876
147.8903557702716,135.60117510623098
145.78443085899974,134.9289928140583
143.67406450539184,134.25841134021755
141.55905408862063,133.58874808138242
139.44104502223743,132.91986269169212
137.32177305213614,132.25164076878167
135.19976094570444,131.58306385918038
133.0732954035036,130.91304844535566
130.94412391009496,130.24144622644124
128.81308390233048,129.56786720147684
126.68064917363196,128.89182632008828
124.54574308216134,128.21243934733297
122.40833044012501,127.52908634728662
120.26954033464996,126.84143913316966
118.1300037013675,126.1490460029302
115.98943483812228,125.45123005835583
113.8476969361664,124.74735068350704
111.70560975834958,124.03699883164494
109.56350759778645,123.3196484600135
107.42159268978398,122.59474179281538
105.28026444920297,121.86176837393597
103.14001748927323,121.12024060398991
101.00101765243471,120.36959177136066
98.86360243993856,119.60929662900433
96.72860510821519,118.8389503713674
94.59653896834804,118.0580698510682
92.46732515545958,117.26602556085943
90.34163002075829,116.4623741465444
88.22049917092505,115.64676822909976
86.10432860593225,114.81869352541985
83.9930574999714,113.97751647361666
81.88788130111863,113.12293720294352
79.78965230083519,112.25456281125598
77.69856971331747,111.37181939240958
75.6155497043443,110.47433613199698
73.54129252374217,109.56167954132945
71.47644975810363,108.63340162111142
69.42229401947804,107.68924462256268
67.37910716332355,106.72863862390957
65.34744240562547,105.75110192220222
63.32960898054496,104.75674201913023
61.32508003649206,103.7446840814376
59.33460204311955,102.71451012297443
57.361183741542355,101.66664301368935
55.40300078978386,100.59964412727797
53.46284313003433,99.51392217102196
51.54234798234202,98.40940645269906
49.63846694740702,97.28399863762101
47.75814198540964,96.14010794163201
45.8985107822919,94.97553841981308
44.05958261114245,93.78950329500401
42.246395834965995,92.58379478739099
40.45407880431691,91.35489557954344
38.69017384550021,90.10625464821766
36.95008236289549,88.83419335442308
35.23712092862577,87.53990839772146
33.55273050565363,86.22338479753178
31.8930655386991,84.88102160279291
30.265156724445426,83.51697548571138
28.66279915975723,82.12548491854483
27.093528725429756,80.71163225064073
25.55187870631181,79.26970401315484
24.041692037197702,77.80213933394752
22.563834338071317,76.3086287329357
21.11308632732115,74.78293341715613
19.69827829377484,73.23328552066394
18.310882755131736,71.6490475108731
16.960638323658614,70.04060323500987
15.644097721096553,68.40230376628135
14.355583993923393,66.72562605460767
13.107087572586497,65.02621522130843
11.89187204586591,63.29261625060483
10.71028550387776,61.52427190587967
9.569770101817838,59.73221634707211
8.465609370141877,57.90640727055125
7.397360286607978,56.04469939805528
6.3726384324235,54.16081241759151
5.3898517659139,52.249204614822446
4.446966660204646,50.303347088833
3.5475203664078823,48.3300520231418
2.693786179686957,46.332898956631276
1.888042443926798,44.315481229886664
1.13023487292714,42.274554682275216
0.42132157155920247,40.21007737958384
-0.2361474631052456,38.127457101031055
-0.8406291953989218,36.0283639278688
-1.3901176979351195,33.9163445323807
-1.8827660647872193,31.794234632820842
-2.317809936710674,29.659445459289238
-2.6938642291668415,27.512961923564383
-3.00901544574236,25.35935538810983
-3.261168199947896,23.204705378222407
-3.4485862899293753,21.051199085617203
-3.569970092701416,18.89380092754702
-3.623794518016023,16.736686112240776
-3.608633386141989,14.591361646590652
-3.5217978679148523,12.446415105364887
-3.36216085296227,10.305157733714045
-3.1264222789337124,8.157585575129666
-2.8100539152003314,5.988399329268809
-2.40122655696156,3.759121916885559
-1.8768575723249725,1.404554520495075
-1.256224005558126,-1.0648519244652528
