x,y,inner_offset,outer_offset
0.0,0.0,6.0,6.0
0.9506900812021868,-0.8718805740673559,6.0,6.0
1.9758081705949684,-1.6588365877766342,6.0,6.0
3.0724226000110595,-2.363588329557344,6.0,6.0
4.237601701283176,-2.9888560878389963,6.0,6.0
5.468413806244034,-3.5373601510510975,6.0,6.0
6.761927246726347,-4.01182080762316,6.0,6.0
8.115210354562832,-4.414958345984692,6.0,6.0
9.5253314615862,-4.749493054565202,6.0,6.0
10.989358899629172,-5.018145221794202,6.0,6.0
12.50436100052446,-5.223635136101197,6.0,6.0
14.067406096104781,-5.368683085915701,6.0,6.0
15.675562518202847,-5.4560093596672194,6.0,6.0
17.325898598651374,-5.488334245785266,6.0,6.0
19.01548266928308,-5.468378032699348,6.0,6.0
20.741383061930684,-5.398861008838973,6.0,6.0
22.500668108426893,-5.2825034626336524,6.0,6.0
24.290406140604418,-5.122025682512896,6.0,6.0
26.10766549029599,-4.920147956906211,6.0,6.0
27.94951448933432,-4.679590574243106,6.0,6.0
29.81302146955211,-4.403073822953094,6.0,6.0
31.695254762782085,-4.093317991465687,6.0,6.0
33.59328270085697,-3.7530433682103856,6.0,6.0
35.50417361560945,-3.384970241616708,6.0,6.0
37.42499583887228,-2.9918189001141533,6.0,6.0
39.35281770247814,-2.5763096321322463,6.0,6.0
41.28470753825977,-2.1411627261004815,6.0,6.0
43.217733678049875,-1.6890984704483731,6.0,6.0
45.14896445368117,-1.2228371536054379,6.0,6.0
47.075468196986364,-0.7450990640011632,6.0,6.0
48.99431323979819,-0.25860449006509434,6.0,6.0
50.90262251480736,0.23397224426552166,6.0,6.0
52.79894411203881,0.7311565513871798,6.0,6.0
54.68335223099046,1.2327585642954222,6.0,6.0
56.55599589209687,1.7386514022919441,6.0,6.0
58.417024115792564,2.248708184678445,6.0,6.0
60.26658592251208,2.7628020307566175,6.0,6.0
62.10483033268995,3.280806059828158,6.0,6.0
63.93190636676073,3.802593391194768,6.0,6.0
65.74796304515895,4.328037144158137,6.0,6.0
67.55314938831913,4.857010438019964,6.0,6.0
69.34761441667582,5.3893863920819465,6.0,6.0
71.1315071506636,5.92503812564578,6.0,6.0
72.90497661071694,6.4638387580131615,6.0,6.0
74.66817181727042,7.005661408485791,6.0,6.0
76.42124179075856,7.550379196365356,6.0,6.0
78.16433555161589,8.09786524095356,6.0,6.0
79.89760212027697,8.647992661552095,6.0,6.0
81.62119051717632,9.20063457746266,6.0,6.0
83.3352497627485,9.755664107986949,6.0,6.0
85.03992887742805,10.312954372426661,6.0,6.0
86.73537688164949,10.872378490083493,6.0,6.0
88.42174279584734,11.43380958025914,6.0,6.0
90.0991756404562,11.997120762255301,6.0,6.0
91.76782443591053,12.562185155373667,6.0,6.0
93.4278382026449,13.128875878915936,6.0,6.0
95.07936596109388,13.697066052183805,6.0,6.0
96.72255673169197,14.266628794478972,6.0,6.0
98.35755953487373,14.837437225103132,6.0,6.0
99.98452339107367,15.409364463357981,6.0,6.0
101.60359732072637,15.98228362854522,6.0,6.0
103.21493034426632,16.55606783996654,6.0,6.0
104.81867148212811,17.130590216923636,6.0,6.0
106.41496975474624,17.705723878718203,6.0,6.0
108.00397418255523,18.281341944651945,6.0,6.0
109.58583378598966,18.85731753402656,6.0,6.0
111.16069758548407,19.43352376614373,6.0,6.0
112.72871460147297,20.00983376030517,6.0,6.0
114.29003385439091,20.58612063581256,6.0,6.0
115.84480436467246,21.16225751196761,6.0,6.0
117.3931751527521,21.738117508072,6.0,6.0
118.93529523906439,22.313573743427444,6.0,6.0
120.47131364404387,22.888499337335627,6.0,6.0
122.00137938812509,23.462767409098245,6.0,6.0
123.52564149174256,24.036251078017006,6.0,6.0
125.04424897533086,24.60882346339359,6.0,6.0
126.55735085932452,25.18035768452971,6.0,6.0
128.065096164158,25.750726860727053,6.0,6.0
129.56763391026595,26.319804111287315,6.0,6.0
131.06511311808285,26.887462555512187,6.0,6.0
132.5576828080432,27.453575312703386,6.0,6.0
134.04549200058167,28.018015502162587,6.0,6.0
135.5286897161327,28.58065624319149,6.0,6.0
137.0074249751308,29.141370655091805,6.0,6.0
138.48184679801057,29.700031857165204,6.0,6.0
139.95210420520652,30.25651296871342,6.0,6.0
141.41834621715319,30.810687109038106,6.0,6.0
142.88072185428516,31.362427397440992,6.0,6.0
144.33938013703687,31.911606953223767,6.0,6.0
145.79447008584293,32.45809889568811,6.0,6.0
147.24614072113795,33.00177634413574,6.0,6.0
148.69454106335627,33.54251241786833,6.0,6.0
150.1398201329326,34.0801802361876,6.0,6.0
151.5821269503014,34.61465291839524,6.0,6.0
153.02161053589725,35.14580358379293,6.0,6.0
154.45841991015462,35.67350535168239,6.0,6.0
155.89270409350817,36.19763134136531,6.0,6.0
157.32461210639235,36.71805467214337,6.0,6.0
158.75429296924165,37.23464846331828,6.0,6.0
160.18189570249072,37.74728583419174,6.0,6.0
161.60756932657404,38.255839904065425,6.0,6.0
163.03146286192617,38.76018379224106,6.0,6.0
164.4537253289816,39.260190618020324,6.0,6.0
165.8745057481749,39.75573350070493,6.0,6.0
167.29395313994064,40.24668555959654,6.0,6.0
168.7122165247133,40.732919913996895,6.0,6.0
170.12944492292746,41.21430968320766,6.0,6.0
171.54578735501764,41.69072798653055,6.0,6.0
172.96139284141836,42.16204794326723,6.0,6.0
174.3764104025642,42.62814267271943,6.0,6.0
175.7909890588897,43.088885294188835,6.0,6.0
177.20527783082935,43.54414892697714,6.0,6.0
178.6194257388177,43.993806690386045,6.0,6.0
180.0335818032894,44.43773170371724,6.0,6.0
181.44789504467875,44.87579708627242,6.0,6.0
182.8625144834205,45.3078759573533,6.0,6.0
184.2775891399491,45.73384143626156,6.0,6.0
185.69326803469912,46.15356664229889,6.0,6.0
187.10970018810505,46.56692469476699,6.0,6.0
188.52703462060148,46.973788712967576,6.0,6.0
189.94542035262293,47.37403181620233,6.0,6.0
191.36500640460392,47.767527123772936,6.0,6.0
192.78594179697905,48.15414775498112,6.0,6.0
194.20837555018272,48.53376682912854,6.0,6.0
195.63245668464964,48.90625746551693,6.0,6.0
197.05833422081423,49.27149278344797,6.0,6.0
198.4861571791111,49.62934590222336,6.0,6.0
199.91607457997472,49.97968994114477,6.0,6.0
201.3482134753605,50.32242143964319,6.0,6.0
202.7825961032465,50.65754867710538,6.0,6.0
204.21921347715886,50.98511322064355,6.0,6.0
205.6580566053119,51.305156643032525,6.0,6.0
207.0991164959201,51.61772051704715,6.0,6.0
208.54238415719786,51.922846415462246,6.0,6.0
209.9878505973596,52.22057591105264,6.0,6.0
211.4355068246197,52.51095057659317,6.0,6.0
212.88534384719262,52.794011984858656,6.0,6.0
214.33735267329277,53.06980170862394,6.0,6.0
215.79152431113462,53.33836132066385,6.0,6.0
217.24784976893244,53.59973239375319,6.0,6.0
218.70632005490077,53.85395650066683,6.0,6.0
220.16692617725403,54.10107521417957,6.0,6.0
221.62965914420658,54.34113010706626,6.0,6.0
223.09450996397285,54.574162752101714,6.0,6.0
224.5614696447673,54.80021472206077,6.0,6.0
226.03052919480433,55.01932758971826,6.0,6.0
227.50167962229827,55.231542927849,6.0,6.0
228.9749119354637,55.436902309227825,6.0,6.0
230.45021714251487,55.63544730662958,6.0,6.0
231.92758625166636,55.82721949282907,6.0,6.0
233.4070102711324,56.01226044060115,6.0,6.0
234.8884802091276,56.19061172272063,6.0,6.0
236.37198707386628,56.362314911962365,6.0,6.0
237.85752187356283,56.52741158110115,6.0,6.0
239.34507561643173,56.68594330291184,6.0,6.0
240.83463931068732,56.83795165016925,6.0,6.0
242.32620396454416,56.98347819564823,6.0,6.0
243.81976058621655,57.12256451212358,6.0,6.0
245.31530018391885,57.25525217237015,6.0,6.0
246.81281376586563,57.38158274916278,6.0,6.0
248.31229234027126,57.50159781527627,6.0,6.0
249.8137269153501,57.61533894348547,6.0,6.0
251.31710849931662,57.72284770656521,6.0,6.0
252.82242810038517,57.8241656772903,6.0,6.0
254.3296767267703,57.919334428435604,6.0,6.0
255.8388453866863,58.00839553277592,6.0,6.0
257.3499250883476,58.0913905630861,6.0,6.0
258.8629068399687,58.168361092140955,6.0,6.0
260.37778164976396,58.23934869271533,6.0,6.0
261.89454052594783,58.30439493758405,6.0,6.0
263.4131744767347,58.363541399521935,6.0,6.0
264.93367451033896,58.41682965130383,6.0,6.0
266.45603163497503,58.464301265704556,6.0,6.0
267.9802368588574,58.50599781549895,6.0,6.0
269.5062811902004,58.54196087346184,6.0,6.0
271.03415563721853,58.57223201236804,6.0,6.0
272.56385120812615,58.5968528049924,6.0,6.0
274.09535891113774,58.615864824109735,6.0,6.0
275.62866975446764,58.62930964249489,6.0,6.0
277.1637747463303,58.63722883292268,6.0,6.0
278.70066489494013,58.639663968167945,6.0,6.0
280.2393312085116,58.6366566210055,6.0,6.0
281.77976469525896,58.6282483642102,6.0,6.0
283.32195636339685,58.61448077055685,6.0,6.0
284.86589722113956,58.5953954128203,6.0,6.0
286.41157827670156,58.57103386377535,6.0,6.0
287.95899053829726,58.54143769619688,6.0,6.0
289.508125014141,58.506648482859674,6.0,6.0
291.0589727124473,58.466707796538564,6.0,6.0
292.61152464143055,58.42165721000842,6.0,6.0
294.1657718093051,58.37153829604403,6.0,6.0
295.7217052242855,58.31639262742023,6.0,6.0
297.2793158945859,58.25626177691188,6.0,6.0
298.8385948284211,58.19118731729376,6.0,6.0
300.39953303400523,58.121210821340746,6.0,6.0
301.96212151955285,58.04637386182765,6.0,6.0
303.5263512932783,57.966718011529295,6.0,6.0
305.092213363396,57.88228484322052,6.0,6.0
306.6596987381204,57.793115929676155,6.0,6.0
308.22879842566596,57.699252843671026,6.0,6.0
309.799503434247,57.60073715797995,6.0,6.0
311.371804772078,57.49761044537779,6.0,6.0
312.9456934473734,57.389914278639345,6.0,6.0
314.5211604683475,57.277690230539456,6.0,6.0
316.0981968432148,57.16097987385296,6.0,6.0
317.6767935801898,57.039824781354675,6.0,6.0
319.25694168748674,56.91426652581942,6.0,6.0
320.83863217332015,56.78434668002207,6.0,6.0
322.42185604590446,56.6501068167374,6.0,6.0
324.00660431345403,56.511588508740275,6.0,6.0
325.59286798418333,56.368833328805515,6.0,6.0
327.18063806630676,56.221882849707946,6.0,6.0
328.76990556803867,56.07077864422238,6.0,6.0
330.3606614975936,55.915562285123684,6.0,6.0
331.95289686318574,55.75627534518669,6.0,6.0
333.54660267302984,55.59295939718618,6.0,6.0
335.14176993534005,55.42565601389703,6.0,6.0
336.73838965833096,55.254406768094036,6.0,6.0
338.33645285021686,55.079253232552055,6.0,6.0
339.9359505192122,54.90023698004591,6.0,6.0
341.5368736735315,54.71739958335042,6.0,6.0
343.13921332138904,54.53078261524043,6.0,6.0
344.74296047099926,54.340427648490774,6.0,6.0
346.3481061305767,54.14637625587624,6.0,6.0
347.9546413083356,53.94867001017169,6.0,6.0
349.5625570124905,53.74735048415196,6.0,6.0
351.17184425125583,53.54245925059187,6.0,6.0
352.78249403284576,53.334037882266244,6.0,6.0
354.39449736547505,53.12212795194992,6.0,6.0
356.007845257358,52.90677103241773,6.0,6.0
357.622528716709,52.6880086964445,6.0,6.0
359.2385387517424,52.46588251680505,6.0,6.0
360.8558663706727,52.24043406627423,6.0,6.0
362.4745025817143,52.01170491762685,6.0,6.0
364.0944383930817,51.77973664363773,6.0,6.0
365.7156648129892,51.54457081708176,6.0,6.0
367.3381728496512,51.306249010733715,6.0,6.0
368.96195351128216,51.06481279736841,6.0,6.0
370.5869978060966,50.82030374976074,6.0,6.0
372.21329674230884,50.57276344068546,6.0,6.0
373.84084132813325,50.32223344291747,6.0,6.0
375.46962257178427,50.06875532923156,6.0,6.0
377.0996314814764,49.81237067240255,6.0,6.0
378.73085906542406,49.5531210452053,6.0,6.0
380.3632963318415,49.29104802041461,6.0,6.0
381.99693428894324,49.02619317080534,6.0,6.0
383.63176394494377,48.7585980691523,6.0,6.0
385.26777630805753,48.48830428823033,6.0,6.0
386.90496238649877,48.21535340081425,6.0,6.0
388.54331318848205,47.9397869796789,6.0,6.0
390.1828197222216,47.66164659759911,6.0,6.0
391.8234729959321,47.38097382734969,6.0,6.0
393.4652640178278,47.09781024170549,6.0,6.0
395.1081837961231,46.81219741344134,6.0,6.0
396.75222333903247,46.524176915332056,6.0,6.0
398.3973736547704,46.23379032015248,6.0,6.0
400.0436257515512,45.941079200677436,6.0,6.0
401.6909706375893,45.64608512968174,6.0,6.0
403.3393993210992,45.34884967994024,6.0,6.0
404.9889028102951,45.04941442422778,6.0,6.0
406.6394721133918,44.747820935319176,6.0,6.0
408.2910982386033,44.44411078598924,6.0,6.0
409.94377219414434,44.13832554901282,6.0,6.0
411.597484988229,43.83050679716476,6.0,6.0
413.2522276290721,43.52069610321982,6.0,6.0
414.9079911248878,43.20893503995293,6.0,6.0
416.5647664838906,42.895265180138836,6.0,6.0
418.22254471429494,42.579728096552444,6.0,6.0
419.8813168243151,42.26236536196852,6.0,6.0
421.54107382216563,41.9432185491619,6.0,6.0
423.2018067160609,41.62232923090744,6.0,6.0
424.8635065142154,41.29973897997996,6.0,6.0
426.5261642248433,40.9754893691543,6.0,6.0
428.1897708561594,40.64962197120528,6.0,6.0
429.8543174163778,40.32217835890772,6.0,6.0
431.51979491371316,39.99320010503645,6.0,6.0
433.1861943563797,39.662728782366315,6.0,6.0
434.85350675259184,39.33080596367215,6.0,6.0
436.5217231105641,38.997473221728754,6.0,6.0
438.19083443851093,38.66277212931099,6.0,6.0
439.8608317446467,38.326744259193674,6.0,6.0
441.53170603718576,37.98943118415161,6.0,6.0
443.2034483243425,37.6508744769597,6.0,6.0
444.8760496143315,37.31111571039267,6.0,6.0
446.5495009153671,36.97019645722544,6.0,6.0
448.2237932356637,36.628158290232804,6.0,6.0
449.89891758343555,36.285042782189606,6.0,6.0
451.5748649668975,35.940891505870646,6.0,6.0
453.2516263942636,35.59574603405078,6.0,6.0
454.9291928737484,35.24964793950484,6.0,6.0
456.6075554135664,34.90263879500762,6.0,6.0
458.2867050219318,34.55476017333398,6.0,6.0
459.96663270705915,34.20605364725874,6.0,6.0
461.6473294771628,33.85656078955674,6.0,6.0
463.3287863404573,33.50632317300282,6.0,6.0
465.01099430515677,33.155382370371804,6.0,6.0
466.6939443794761,32.80377995443849,6.0,6.0
468.3776275716294,32.45155749797771,6.0,6.0
470.0620348898311,32.098756573764334,6.0,6.0
471.7471573422957,31.745418754573166,6.0,6.0
473.4329859372375,31.391585613179053,6.0,6.0
475.119511682871,31.037298722356788,6.0,6.0
476.80672558741065,30.68259965488126,6.0,6.0
478.4946186590708,30.32752998352722,6.0,6.0
480.18318190606595,29.97213128106958,6.0,6.0
481.8724063366103,29.61644512028313,6.0,6.0
483.5622829589185,29.26051307394269,6.0,6.0
485.25280278120493,28.904376714823087,6.0,6.0
486.943956811684,28.548077615699185,6.0,6.0
488.63573605857005,28.191657349345796,6.0,6.0
490.3281315300776,27.83515748853773,6.0,6.0
492.0211342344209,27.478619606049854,6.0,6.0
493.71473517981457,27.12208527465696,6.0,6.0
495.40892537447303,26.7655960671339,6.0,6.0
497.1036958266104,26.40919355625548,6.0,6.0
498.7990375444415,26.05291931479659,6.0,6.0
500.49494153618036,25.696814915532023,6.0,6.0
502.1913988100416,25.340921931236565,6.0,6.0
503.8884003742398,24.985281934685105,6.0,6.0
505.585937236989,24.62993649865244,6.0,6.0
507.28400040650405,24.274927195913435,6.0,6.0
508.98258089099903,23.920295599242863,6.0,6.0
510.6816696986884,23.566083281415622,6.0,6.0
512.3812578377867,23.212331815206504,6.0,6.0
514.0813363165082,22.85908277339032,6.0,6.0
515.7818961430675,22.50637772874198,6.0,6.0
517.4829283256789,22.154258254036193,6.0,6.0
519.1844238725569,21.802765922047875,6.0,6.0
520.8863737919158,21.45194230555183,6.0,6.0
522.5887690919701,21.10182897732291,6.0,6.0
524.2916007809342,20.7524675101359,6.0,6.0
525.9948598670226,20.403899476765666,6.0,6.0
527.6985373584495,20.05616644998704,6.0,6.0
529.4026242634295,19.709310002574824,6.0,6.0
531.1071115901768,19.363371707303884,6.0,6.0
532.8119903469061,19.01839313694901,6.0,6.0
534.5172515418318,18.67441586428503,6.0,6.0
536.222886183168,18.331481462086813,6.0,6.0
537.9288852791296,17.989631503129175,6.0,6.0
539.6352398379307,17.64890756018694,6.0,6.0
541.3419408677856,17.30935120603492,6.0,6.0
543.0489793769091,16.971004013447967,6.0,6.0
544.7563463735152,16.633907555200935,6.0,6.0
546.4640328658186,16.298103404068627,6.0,6.0
548.1720298620337,15.963633132825834,6.0,6.0
549.8803283703747,15.63053831424746,6.0,6.0
551.5889193990563,15.298860521108253,6.0,6.0
553.2977939562928,14.968641326183132,6.0,6.0
555.0069430502986,14.63992230224683,6.0,6.0
556.7163576892882,14.312745022074267,6.0,6.0
558.4260288814758,13.987151058440247,6.0,6.0
560.135947635076,13.663181984119547,6.0,6.0
561.8461049583033,13.340879371887098,6.0,6.0
563.5564918593717,13.020284794517593,6.0,6.0
565.2670993464961,12.701439824785993,6.0,6.0
566.9779184278908,12.38438603546706,6.0,6.0
568.6889401117701,12.069164999335655,6.0,6.0
570.4001554063484,11.755818289166555,6.0,6.0
572.1115553198402,11.444387477734622,6.0,6.0
573.82313086046,11.134914137814718,6.0,6.0
575.5348730364221,10.827439842181647,6.0,6.0
577.2467728559409,10.5220061636102,6.0,6.0
578.9588213272307,10.21865467487531,6.0,6.0
580.6710094585062,9.91742694875164,6.0,6.0
582.3833282579817,9.618364558014164,6.0,6.0
584.0957687338718,9.321509075437675,6.0,6.0
585.8083218943904,9.026902073796975,6.0,6.0
587.5209787477525,8.734585125866914,6.0,6.0
589.233730302172,8.44459980442231,6.0,6.0
590.9465675658638,8.15698768223804,6.0,6.0
592.659481547042,7.871790332088835,6.0,6.0
594.372463253921,7.589049326749674,6.0,6.0
596.0855036947154,7.30880623899526,6.0,6.0
597.7985938776397,7.031102641600427,6.0,6.0
599.5117248109079,6.755980107340065,6.0,6.0
601.224887502735,6.483480208988922,6.0,6.0
602.9380729613347,6.2136445193219885,6.0,6.0
604.6512721949222,5.946514611113926,6.0,6.0
606.3644762117113,5.682132057139626,6.0,6.0
608.0776760199168,5.420538430173934,6.0,6.0
609.7908626277527,5.1617753029916855,6.0,6.0
611.504027043434,4.90588424836767,6.0,6.0
613.2171602751746,4.652906839076721,6.0,6.0
614.9302533311893,4.4028846478937425,6.0,6.0
616.643297219692,4.15585924759344,6.0,6.0
618.3562829488978,3.911872210950719,6.0,6.0
620.0692015270207,3.670965110740454,6.0,6.0
621.7820439622752,3.4331795197373793,6.0,6.0
623.4948012628757,3.1985570107164136,6.0,6.0
625.2074644370365,2.9671391564522764,6.0,6.0
626.9200244929722,2.7389675297198295,6.0,6.0
628.6324724388973,2.514083703293977,6.0,6.0
630.3447992830258,2.2925292499495526,6.0,6.0
632.0569960335727,2.074345742461304,6.0,6.0
633.7690536987519,1.8595747536041074,6.0,6.0
635.4809632867781,1.6482578561527532,6.0,6.0
637.1927158058656,1.4404366228821175,6.0,6.0
638.9043022642288,1.2361526265669909,6.0,6.0
640.6157136700823,1.0354474399822493,6.0,6.0
642.3269410316404,0.8383626359027119,6.0,6.0
644.0379753571175,0.6449397871031408,6.0,6.0
645.748807654728,0.4552204663584689,6.0,6.0
647.4594289326865,0.2692462464434868,6.0,6.0
649.1698301992072,0.08705870013292838,6.0,6.0
650.8800023483401,-0.09130221820142824,6.0,6.0
652.5899338198241,-0.26583134670623326,6.0,6.0
654.2996106907287,-0.43655701692111537,6.0,6.0
656.0090189422957,-0.6035089188459678,6.0,6.0
657.718144555767,-0.7667167424807184,6.0,6.0
659.4269735123844,-0.9262101778252599,6.0,6.0
661.1354917933896,-1.0820189148794972,6.0,6.0
662.8436853800248,-1.234172643643335,6.0,6.0
664.5515402535315,-1.3827010541166775,6.0,6.0
666.2590423951517,-1.5276338362994295,6.0,6.0
667.9661777861271,-1.6690006801914963,6.0,6.0
669.6729324076998,-1.8068312757927814,6.0,6.0
671.3792922411114,-1.9411553131031813,6.0,6.0
673.085243267604,-2.0720024821226186,6.0,6.0
674.7907714684192,-2.199402472850988,6.0,6.0
676.4958628247991,-2.3233849752881963,6.0,6.0
678.2005033179853,-2.4439796794341455,6.0,6.0
679.9046789292198,-2.561216275288742,6.0,6.0
681.6083756397444,-2.675124452851889,6.0,6.0
683.3115794308007,-2.7857339021234933,6.0,6.0
685.014276283631,-2.8930743131034573,6.0,6.0
686.716452179477,-2.997175375791687,6.0,6.0
688.4180930995803,-3.0980667801880797,6.0,6.0
690.1191850251829,-3.1957782162925534,6.0,6.0
691.8197139375268,-3.290339374105007,6.0,6.0
693.5196658178537,-3.381779943625345,6.0,6.0
695.2190266474056,-3.47012961485347,6.0,6.0
696.9177824074239,-3.555418077789289,6.0,6.0
698.615919079151,-3.637675022432706,6.0,6.0
700.3134226438285,-3.716930138783624,6.0,6.0
702.0102790826983,-3.7932131168419514,6.0,6.0
703.7064743770018,-3.8665536466075836,6.0,6.0
705.4019945079815,-3.9369814180804377,6.0,6.0
707.0968254568791,-4.004526121260413,6.0,6.0
708.7909532049362,-4.069217446147414,6.0,6.0
710.4843637333948,-4.131085082741344,6.0,6.0
712.1770430234967,-4.19015872104211,6.0,6.0
713.8689770564838,-4.246468051049615,6.0,6.0
715.5601518135979,-4.3000427627637645,6.0,6.0
717.2505532760811,-4.350912546184462,6.0,6.0
718.9401674251745,-4.3991070913116115,6.0,6.0
720.6289802421209,-4.444656088145122,6.0,6.0
722.3169777081615,-4.487589226684894,6.0,6.0
724.0041458045384,-4.527936196930835,6.0,6.0
725.6904705124934,-4.565726688882845,6.0,6.0
727.3759378132684,-4.600990392540834,6.0,6.0
729.0605336881051,-4.633756997904703,6.0,6.0
730.7442441182455,-4.66405619497436,6.0,6.0
732.4270550849313,-4.691917673749706,6.0,6.0
734.1089525694044,-4.717371124230646,6.0,6.0
735.7899225529068,-4.740446236417087,6.0,6.0
737.4699510166802,-4.761172700308932,6.0,6.0
739.1490239419666,-4.779580205906087,6.0,6.0
740.8271273100073,-4.795698443208456,6.0,6.0
742.5042471020449,-4.809557102215942,6.0,6.0
744.1803692993209,-4.821185872928453,6.0,6.0
745.8554798830771,-4.83061444534589,6.0,6.0
747.5295648345553,-4.83787250946816,6.0,6.0
749.2026101349974,-4.842989755295166,6.0,6.0
750.8746017656455,-4.845995872826815,6.0,6.0
752.5455257077413,-4.84692055206301,6.0,6.0
754.2153679425263,-4.845793483003656,6.0,6.0
755.8841144512428,-4.842644355648655,6.0,6.0
757.5517512151324,-4.837502859997916,6.0,6.0
759.2182642154371,-4.830398686051343,6.0,6.0
760.8836394333986,-4.821361523808838,6.0,6.0
762.5478628502588,-4.810421063270308,6.0,6.0
764.2109204472595,-4.7976069944356565,6.0,6.0
765.8727982056427,-4.7829490073047864,6.0,6.0
767.5334821066502,-4.766476791877606,6.0,6.0
769.1929581315237,-4.7482200381540185,6.0,6.0
770.8512122615053,-4.7282084361339285,6.0,6.0
772.5082304778366,-4.706471675817239,6.0,6.0
774.1639987617596,-4.683039447203857,6.0,6.0
775.818503094516,-4.657941440293685,6.0,6.0
777.4717294573477,-4.6312073450866285,6.0,6.0
779.1236638314966,-4.602866851582594,6.0,6.0
780.7742921982045,-4.572949649781485,6.0,6.0
782.4236005387133,-4.541485429683207,6.0,6.0
784.0715748342649,-4.508503881287661,6.0,6.0
785.7182010661011,-4.474034694594752,6.0,6.0
787.3634652154635,-4.438107559604389,6.0,6.0
789.0073532635943,-4.400752166316474,6.0,6.0
790.649851191735,-4.361998204730913,6.0,6.0
792.290944981128,-4.3218753648476085,6.0,6.0
793.9306206130146,-4.280413336666465,6.0,6.0
795.5688640686368,-4.237641810187393,6.0,6.0
797.2056613292365,-4.193590475410286,6.0,6.0
798.8409983760556,-4.14828902233506,6.0,6.0
800.4748611903359,-4.101767140961613,6.0,6.0
802.1072357533192,-4.054054521289851,6.0,6.0
803.7381080462474,-4.005180853319681,6.0,6.0
805.3674640503622,-3.955175827051004,6.0,6.0
806.9952897469057,-3.904069132483726,6.0,6.0
808.6215711171195,-3.8518904596177492,6.0,6.0
810.2462941422455,-3.7986694984529894,6.0,6.0
811.8694448035258,-3.7444359389893354,6.0,6.0
813.4910090822019,-3.6892194712267017,6.0,6.0
815.1109729595158,-3.633049785164988,6.0,6.0
816.7293224167095,-3.575956570804106,6.0,6.0
818.3460434350245,-3.517969518143948,6.0,6.0
819.9611219957029,-3.4591183171844326,6.0,6.0
821.5745440799866,-3.3994326579254563,6.0,6.0
823.1862956691172,-3.3389422303669303,6.0,6.0
824.7963627443364,-3.277676724508754,6.0,6.0
826.4047312868868,-3.2156658303508268,6.0,6.0
828.0113872780096,-3.15293923789306,6.0,6.0
829.6163166989468,-3.08952663713536,6.0,6.0
831.2195055309403,-3.0254577180776305,6.0,6.0
832.8209397552318,-2.9607621707197715,6.0,6.0
834.4206053530634,-2.895469685061694,6.0,6.0
836.0184883056767,-2.8296099511032944,6.0,6.0
837.6145745943136,-2.7632126588444823,6.0,6.0
839.208850200216,-2.6963074982851687,6.0,6.0
840.8013011046257,-2.6289241594252486,6.0,6.0
842.3919132887847,-2.5610923322646295,6.0,6.0
843.9806727339349,-2.4928417068032163,6.0,6.0
845.5675654213177,-2.424201973040912,6.0,6.0
847.1525773321753,-2.3552028209776257,6.0,6.0
848.7356944477494,-2.2858739406132607,6.0,6.0
850.3169027492821,-2.2162450219477137,6.0,6.0
851.896188218015,-2.1463457549808993,6.0,6.0
853.4735368351897,-2.0762058297127197,6.0,6.0
855.0489345820486,-2.0058549361430806,6.0,6.0
856.6223674398334,-1.9353227642718807,6.0,6.0
858.1938213897857,-1.864639004099029,6.0,6.0
859.7632824131475,-1.7938333456244315,6.0,6.0
861.3307364911607,-1.7229354788479867,6.0,6.0
862.8961696050671,-1.6519750937696056,6.0,6.0
864.4595677361085,-1.5809818803891904,6.0,6.0
866.0209168655267,-1.509985528706654,6.0,6.0
867.5802029745636,-1.4390157287218912,6.0,6.0
869.1374120444613,-1.3681021704348009,6.0,6.0
870.6925300564612,-1.2972745438452975,6.0,6.0
872.2455429918055,-1.2265625389532815,6.0,6.0
873.7964368317357,-1.1559958457586639,6.0,6.0
875.3451975574942,-1.085604154261345,6.0,6.0
876.8918111503223,-1.0154171544612307,6.0,6.0
878.4362635914621,-0.945464536358223,6.0,6.0
879.9785408621553,-0.8757759899522224,6.0,6.0
881.5186289436438,-0.8063812052431487,6.0,6.0
883.0565138171696,-0.7373098722308953,6.0,6.0
884.5921814639744,-0.6685916809153678,6.0,6.0
886.1256178653001,-0.6002563212964667,6.0,6.0
887.6568090023885,-0.5323334833741011,6.0,6.0
889.1857408564815,-0.46485285714818225,6.0,6.0
890.7123994088209,-0.3978441326186033,6.0,6.0
892.2367706406486,-0.3313369997852753,6.0,6.0
893.7588405332064,-0.26536114864810045,6.0,6.0
895.2785950677361,-0.19994626920698622,6.0,6.0
896.7960202254794,-0.13512205146184542,6.0,6.0
898.3111019876787,-0.07091818541256245,6.0,6.0
899.8238263355754,-0.007364361059046587,6.0,6.0
901.3341866027005,0.055513292213866146,6.0,6.0
902.8422179575658,0.11770890514191479,6.0,6.0
904.3479703449473,0.17922376440758273,6.0,6.0
905.8514937265088,0.24005916487198886,6.0,6.0
907.3528380639143,0.30021640139625194,6.0,6.0
908.8520533188278,0.3596967688414908,6.0,6.0
910.3491894529132,0.4185015620688202,6.0,6.0
911.8442964278345,0.47663207593936724,6.0,6.0
913.3374242052556,0.5340896053142464,6.0,6.0
914.8286227468408,0.5908754450545768,6.0,6.0
916.3179420142536,0.646990890021477,6.0,6.0
917.8054319691582,0.7024372350760659,6.0,6.0
919.2911425732185,0.7572157750794624,6.0,6.0
920.7751237880987,0.8113278048927851,6.0,6.0
922.2574255754621,0.8647746193771532,6.0,6.0
923.7380978969733,0.9175575133936816,6.0,6.0
925.217190714296,0.9696777818034963,6.0,6.0
926.6947539890944,1.021136719467713,6.0,6.0
928.1708376830321,1.07193562124745,6.0,6.0
929.6454917577732,1.1220757820038263,6.0,6.0
931.1187661749818,1.1715584965979609,6.0,6.0
932.5907108963218,1.220385059890972,6.0,6.0
934.061375883457,1.268556766743979,6.0,6.0
935.5308110980516,1.3160749120181008,6.0,6.0
936.9990665017691,1.3629407905744528,6.0,6.0
938.4661920562742,1.40915569727416,6.0,6.0
939.9322377232302,1.4547209269783383,6.0,6.0
941.3972534643015,1.4996377745481067,6.0,6.0
942.8612892411517,1.5439075348445832,6.0,6.0
944.3243950154449,1.5875315027288877,6.0,6.0
945.7866207488453,1.6305109730621385,6.0,6.0
947.2480164030165,1.6728472407054542,6.0,6.0
948.7086319396227,1.714541600519954,6.0,6.0
950.1685173203277,1.7555953473667538,6.0,6.0
951.6277225067954,1.7960097761069782,6.0,6.0
953.0862974606903,1.8357861816017431,6.0,6.0
954.5442921436755,1.8749258587121669,6.0,6.0
956.0017565174159,1.913430102299369,6.0,6.0
957.4587405435745,1.9513002072244678,6.0,6.0
958.9152941838161,1.9885374683485824,6.0,6.0
960.371467399804,2.0251431805328317,6.0,6.0
961.8273101532027,2.061118638638334,6.0,6.0
963.2828724056757,2.0964651375262067,6.0,6.0
964.7382041188873,2.131183972057572,6.0,6.0
966.1933552545013,2.1652764370935476,6.0,6.0
967.6483757741817,2.1987438274952518,6.0,6.0
969.1033156395924,2.2315874381238032,6.0,6.0
970.5582248123975,2.263808563840321,6.0,6.0
972.0131532542608,2.2954084995059243,6.0,6.0
973.4681509268465,2.3263885399817315,6.0,6.0
974.9232677918183,2.3567499801288614,6.0,6.0
976.3785538108403,2.386494114808432,6.0,6.0
977.8340589455761,2.415622238881562,6.0,6.0
979.2898331576903,2.444135647209373,6.0,6.0
980.7459264088463,2.4720356346529813,6.0,6.0
982.2023886607086,2.4993234960735076,6.0,6.0
983.6592698749407,2.526000526332069,6.0,6.0
985.1166200132068,2.552068020289785,6.0,6.0
986.5744890371706,2.577527272807774,6.0,6.0
988.0329269084964,2.602379578747156,6.0,6.0
989.4919835888479,2.626626232969048,6.0,6.0
990.9517090398892,2.6502685303345688,6.0,6.0
992.4121532232841,2.6733077657048394,6.0,6.0
993.8733661006969,2.6957452339409773,6.0,6.0
995.3353976337911,2.717582229904102,6.0,6.0
996.7982977842311,2.738820048455332,6.0,6.0
998.2621165136804,2.759459984455785,6.0,6.0
999.7269037838034,2.779503332766581,6.0,6.0
1001.1927095562639,2.7989513882488386,6.0,6.0
1002.6595837927259,2.8178054457636765,6.0,6.0
1004.1275764548532,2.836066800172214,6.0,6.0
1005.5967375043098,2.8537367463355685,6.0,6.0
1007.0671169027598,2.87081657911486,6.0,6.0
1008.538764611867,2.887307593371208,6.0,6.0
1010.0117305932953,2.9032110839657275,6.0,6.0
1011.486064808709,2.9185283457595435,6.0,6.0
1012.9618172197718,2.9332606736137707,6.0,6.0
1014.4390377881477,2.947409362389529,6.0,6.0
1015.9177764755008,2.9609757069479374,6.0,6.0
1017.3980832434949,2.973961002150114,6.0,6.0
1018.8800080537939,2.986366542857178,6.0,6.0
1020.3636008680619,2.998193623930248,6.0,6.0
1021.8489116479628,3.0094435402304436,6.0,6.0
1023.3359903551606,3.0201175866188823,6.0,6.0
1024.8248869513193,3.0302170579566847,6.0,6.0
1026.3156513981028,3.039743249104968,6.0,6.0
1027.808333657175,3.0486974549248513,6.0,6.0
1029.3029836901997,3.0570809702774544,6.0,6.0
1030.7996514588413,3.064895090023895,6.0,6.0
1032.2983869247637,3.072141109025292,6.0,6.0
1033.7992400496307,3.0788203221427657,6.0,6.0
1035.3022607951057,3.084934024237433,6.0,6.0
1036.8074991228539,3.090483510170414,6.0,6.0
1038.3150049945382,3.095470074802826,6.0,6.0
1039.8248283718228,3.099895012995789,6.0,6.0
1041.337019216372,3.1037596196104227,6.0,6.0
1042.8516274898495,3.107065189507845,6.0,6.0
1044.3687031539196,3.109813017549173,6.0,6.0
1045.8882961702457,3.1120043985955292,6.0,6.0
1047.4104565004923,3.113640627508029,6.0,6.0
1048.9352341063227,3.114722999147793,6.0,6.0
1050.4626789494014,3.1152528083759403,6.0,6.0
1051.9928409913923,3.115231350053589,6.0,6.0
1053.525770193959,3.1146599190418573,6.0,6.0
1055.0615165187662,3.1135398102018645,6.0,6.0
1056.6001299274772,3.11187231839473,6.0,6.0
1058.1416603817563,3.1096587384815724,6.0,6.0
1059.6861578432672,3.10690036532351,6.0,6.0
1061.2336722736738,3.103598493781662,6.0,6.0
1062.7842536346404,3.099754418717148,6.0,6.0
1064.337951887831,3.0953694349910856,6.0,6.0
1065.894816994909,3.0904448374645948,6.0,6.0
1067.4548989175387,3.084981920998792,6.0,6.0
1069.0182476173843,3.078981980454798,6.0,6.0
1070.5849130561094,3.072446310693733,6.0,6.0
1072.154945195378,3.0653762065767127,6.0,6.0
1073.7283939968545,3.057772962964857,6.0,6.0
1075.3053094222023,3.0496378747192856,6.0,6.0
1076.885741433086,3.0409722367011165,6.0,6.0
1078.4697399911688,3.03177734377147,6.0,6.0
1080.0573550581148,3.022054490791462,6.0,6.0
1081.6486365955884,3.011804972622214,6.0,6.0
1083.2436345652534,3.001030084124843,6.0,6.0
1084.8423989287733,2.98973112016047,6.0,6.0
1086.444979647813,2.9779093755902113,6.0,6.0
1088.0514266840353,2.965566145275188,6.0,6.0
1089.6617899991052,2.952702724076518,6.0,6.0
1091.276119554686,2.9393204068553187,6.0,6.0
1092.894465312442,2.925420488472712,6.0,6.0
1094.5168772340367,2.9110042637898146,6.0,6.0
1096.1434052811346,2.8960730276677458,6.0,6.0
1097.7740994153999,2.8806280749676225,6.0,6.0
1099.4090095984957,2.864670700550565,6.0,6.0
1101.0481857920863,2.8482021992776945,6.0,6.0
1102.691677957836,2.831223866010126,6.0,6.0
1104.3395360574082,2.813736995608982,6.0,6.0
1105.9918100524674,2.795742882935377,6.0,6.0
1107.6485499046773,2.7772428228504342,6.0,6.0
1109.3098055757018,2.7582381102152684,6.0,6.0
1110.975627027205,2.738730039891003,6.0,6.0
1112.6460642208508,2.718719906738752,6.0,6.0
1114.3211671183033,2.698209005619638,6.0,6.0
1116.0009856812262,2.6771986313947767,6.0,6.0
1117.6855698712834,2.655690078925291,6.0,6.0
1119.3749696501393,2.6336846430722938,6.0,6.0
1121.0692349794576,2.611183618696911,6.0,6.0
1122.7684158209022,2.5881883006602546,6.0,6.0
1124.472562136137,2.5646999838234494,6.0,6.0
1126.181723886826,2.5407199630476116,6.0,6.0
1127.8959510346333,2.516249533193859,6.0,6.0
1129.615293541223,2.49128998912331,6.0,6.0
1131.3398013682588,2.465842625697087,6.0,6.0
1133.0695244774047,2.439908737776303,6.0,6.0
1134.8045128303247,2.4134896202220832,6.0,6.0
1136.5448163886826,2.386586567895541,6.0,6.0
1138.2904851141425,2.359200875657799,6.0,6.0
1140.0415689683687,2.3313338383699747,6.0,6.0
1141.7981179130245,2.3029867508931865,6.0,6.0
1143.5601819097744,2.274160908088555,6.0,6.0
1145.3278109202818,2.244857604817199,6.0,6.0
1147.1010549062114,2.2150781359402356,6.0,6.0
1148.8799638292267,2.1848237963187804,6.0,6.0
1150.6645876509915,2.1540958808139608,6.0,6.0
1152.4549763331702,2.122895684286887,6.0,6.0
1154.2511798374264,2.091224501598684,6.0,6.0
1156.0532481254245,2.0590836276104647,6.0,6.0
1157.8612311588276,2.0264743571833597,6.0,6.0
1159.6751788993004,1.993397985178473,6.0,6.0
1161.4951413085068,1.9598558064569322,6.0,6.0
1163.3211683481106,1.9258491158798503,6.0,6.0
1165.153309979776,1.891379208308352,6.0,6.0
1166.9916161651668,1.8564473786035522,6.0,6.0
1168.8361368659464,1.8210549216265741,6.0,6.0
1170.68692204378,1.7852031322385316,6.0,6.0
1172.5440216603306,1.7488933053005473,6.0,6.0
1174.4074856772618,1.712126735673736,6.0,6.0
1176.2773640562389,1.6749047182192203,6.0,6.0
1178.153706758925,1.6372285477981172,6.0,6.0
1180.036563746984,1.5990995192715456,6.0,6.0
1181.92598498208,1.5605189275006275,6.0,6.0
1183.822020425877,1.5214880673464755,6.0,6.0
1185.724720040039,1.4820082336702127,6.0,6.0
1187.6341337862304,1.442080721332957,6.0,6.0
1189.550311626114,1.40170682519583,6.0,6.0
1191.4733035213544,1.3608878401199498,6.0,6.0
1193.403159433616,1.3196250609664306,6.0,6.0
1195.3399293245625,1.2779197825963897,6.0,6.0
1197.2836631558573,1.2357732998709534,6.0,6.0
1199.234410889165,1.1931869076512367,6.0,6.0
1201.1922224861494,1.1501619007983581,6.0,6.0
1203.1571479084744,1.1066995741734373,6.0,6.0
1205.1292371178042,1.062801222637594,6.0,6.0
1207.108540075802,1.018468141051944,6.0,6.0
1209.0951067441324,0.9737016242776115,6.0,6.0
1211.0889870844594,0.9285029671757095,6.0,6.0
1213.0902310584468,0.8828734646073608,6.0,6.0
1215.0988886277587,0.8368144114336806,6.0,6.0
1217.1150097540587,0.790327102515793,6.0,6.0
1219.1386443990111,0.7434128327148095,6.0,6.0
1221.1698425242798,0.6960728968918566,6.0,6.0
1223.2086540915284,0.648308589908047,6.0,6.0
1225.2551290624215,0.6001212066245039,6.0,6.0
1227.3093173986224,0.5515120419023507,6.0,6.0
1229.3712690617956,0.5024823906026941,6.0,6.0
1231.4410340136046,0.4530335475866569,6.0,6.0
1233.518662215714,0.40316680771535895,6.0,6.0
1235.6042036297872,0.35288346584992314,6.0,6.0
1237.697708217488,0.3021848168514627,6.0,6.0
1239.7992259404814,0.2510721555811004,6.0,6.0
1241.9088067604303,0.1995467768999526,6.0,6.0
1244.0265006389989,0.14760997566913892,6.0,6.0
1246.1523575378515,0.0952630467497757,6.0,6.0
1248.2864274186513,0.04250728500298928,6.0,6.0
1250.4287546771816,-0.010652880782709928,6.0,6.0
1252.5782011475007,-0.0635471681664331,6.0,6.0
1254.7309889368414,-0.11401896912012516,6.0,6.0
1256.8829827823445,-0.15971045467605752,6.0,6.0
1259.0300474211501,-0.19826379586650167,6.0,6.0
1261.1680475903988,-0.227321163723729,6.0,6.0
1263.2928480272315,-0.2445247292800109,6.0,6.0
1265.4003134687882,-0.24751666356761895,6.0,6.0
1267.4863086522093,-0.2339391376188275,6.0,6.0
1269.5466983146357,-0.20143432246590476,6.0,6.0
1271.577347193208,-0.14764438914112266,6.0,6.0
1273.5741200250663,-0.07021150867675252,6.0,6.0
1275.5328815473515,0.03322214789493394,6.0,6.0
1277.4494964972039,0.16501440954166535,6.0,6.0
1279.3198296117637,0.32752310523117056,6.0,6.0
1281.139745628172,0.5231060639311776,6.0,6.0
1282.9051092835687,0.7541211146094159,6.0,6.0
1284.6117853150947,1.0229260862336127,6.0,6.0
1286.2556384598904,1.331878807771498,6.0,6.0
1287.832533455096,1.6833371081907997,6.0,6.0
1289.3383350378526,2.0796588164592458,6.0,6.0
1290.7689079452998,2.5232017615445663,6.0,6.0
1292.120116914579,3.016323772414488,6.0,6.0
1293.3878266828306,3.561382678036741,6.0,6.0
1294.5679019871945,4.160736307379054,6.0,6.0
1295.656207564812,4.816742489409153,6.0,6.0
1296.6486081528224,5.531759053094666,6.0,6.0
1297.5409684883675,6.308143827403519,6.0,6.0
1298.3291533085871,7.148254641303344,6.0,6.0
1299.009027350622,8.05444932376187,6.0,6.0
1299.5764553516121,9.029085703746828,6.0,6.0
1300.027302501933,10.074521212154522,6.0,6.0
1300.35911354896,11.191638140747264,6.0,6.0
1300.5748997233923,12.376517620343456,6.0,6.0
1300.6787825146348,13.624265651971664,6.0,6.0
1300.6748834120917,14.92998823666044,6.0,6.0
1300.567323905168,16.288791375438347,6.0,6.0
1300.360225483268,17.695781069333947,6.0,6.0
1300.0577096357968,19.14606331937579,6.0,6.0
1299.663897852159,20.634744126592448,6.0,6.0
1299.182911621759,22.156929492012473,6.0,6.0
1298.6188724340018,23.707725416664424,6.0,6.0
1297.975901778292,25.28223790157686,6.0,6.0
1297.2581211440338,26.87557294777835,6.0,6.0
1296.4696520206328,28.482836556297215,6.0,6.0
1295.6146158974927,30.099134728162458,6.0,6.0
1294.6971342640188,31.719573464402444,6.0,6.0
1293.7213286096153,33.3392587660457,6.0,6.0
1292.6913204236876,34.95329663412081,6.0,6.0
1291.611231195639,36.556793069656315,6.0,6.0
1290.485182414876,38.1448540736808,6.0,6.0
1289.3172955708014,39.71258564722279,6.0,6.0
1288.1116921528214,41.255093791310856,6.0,6.0
1286.87249365034,42.767484506973574,6.0,6.0
1285.6038215527617,44.24486379523948,6.0,6.0
1284.3097973494916,45.682337657137154,6.0,6.0
1282.994542529934,47.07501209369515,6.0,6.0
1281.6621785834936,48.41799310594202,6.0,6.0
1280.3168269995754,49.70638669490633,6.0,6.0
1278.9623034410115,50.93573863980328,6.0,6.0
1277.599895625678,52.10522990118652,6.0,6.0
1276.2296442961303,53.215834588390955,6.0,6.0
1274.8515814134723,54.26853943846713,6.0,6.0
1273.465738938807,55.264331188465995,6.0,6.0
1272.0721488332367,56.204196575438104,6.0,6.0
1270.670843057866,57.08912233643412,6.0,6.0
1269.261853573797,57.92009520850474,6.0,6.0
1267.8452123421337,58.698101928700645,6.0,6.0
1266.4209513239794,59.42412923407251,6.0,6.0
1264.9891024804374,60.09916386167101,6.0,6.0
1263.5496977726107,60.724192548546846,6.0,6.0
1262.1027691616023,61.30020203175069,6.0,6.0
1260.648348608516,61.828179048333226,6.0,6.0
1259.186468074455,62.309110335345125,6.0,6.0
1257.7171595205223,62.74398262983708,6.0,6.0
1256.2404549078217,63.133782668859766,6.0,6.0
1254.7563861974559,63.479497189463885,6.0,6.0
1253.2649853505281,63.782112928700094,6.0,6.0
1251.766284328142,64.04261662361908,6.0,6.0
1250.260315091401,64.26199501127155,6.0,6.0
1248.7471096014078,64.44123482870815,6.0,6.0
1247.2266998192663,64.58132281297955,6.0,6.0
1245.6991177060793,64.6832457011365,6.0,6.0
1244.1643952229504,64.74799023022962,6.0,6.0
1242.6225643309824,64.77654313730962,6.0,6.0
1241.073656991279,64.76989115942719,6.0,6.0
1239.5177051649432,64.72902103363299,6.0,6.0
1237.9547408130784,64.65491949697771,6.0,6.0
1236.384795896788,64.54857328651202,6.0,6.0
1234.8079023771752,64.41096913928662,6.0,6.0
1233.2240922153433,64.24309379235217,6.0,6.0
1231.6333973723952,64.04593398275938,6.0,6.0
1230.0358498094347,63.82047644755892,6.0,6.0
1228.4314814875647,63.56770792380148,6.0,6.0
1226.8203243678888,63.28861514853771,6.0,6.0
1225.2024104115098,62.98418485881833,6.0,6.0
1223.5777715795316,62.655403791694,6.0,6.0
1221.9464398330572,62.30325868421539,6.0,6.0
1220.3084471331897,61.928736273433216,6.0,6.0
1218.6638254410325,61.5328232963982,6.0,6.0
1217.0126067176889,61.11650649016091,6.0,6.0
1215.3548229242617,60.68077259177208,6.0,6.0
1213.690506021855,60.22660833828242,6.0,6.0
1212.0196879715718,59.755000466742565,6.0,6.0
1210.342400734515,59.26693571420324,6.0,6.0
1208.6586762717877,58.763400817715095,6.0,6.0
1206.968546544494,58.24538251432882,6.0,6.0
1205.2720435137371,57.71386754109511,6.0,6.0
1203.5691991406197,57.169842635064626,6.0,6.0
1201.860045386245,56.61429453328807,6.0,6.0
1200.144614211717,56.04820997281613,6.0,6.0
1198.4229375781385,55.47257569069947,6.0,6.0
1196.6950474466125,54.88837842398876,6.0,6.0
1194.9609757782428,54.296604909734725,6.0,6.0
1193.2207545341325,53.69824188498799,6.0,6.0
1191.4744156753848,53.09427608679927,6.0,6.0
1189.721991163103,52.48569425221926,6.0,6.0
1187.9635129583908,51.8734831182987,6.0,6.0
1186.1990130223505,51.25862942208813,6.0,6.0
1184.428523316086,50.64211990063828,6.0,6.0
1182.6520758007007,50.024941290999855,6.0,6.0
1180.8697024372977,49.40808033022352,6.0,6.0
1179.0814351869803,48.79252375536,6.0,6.0
1177.2873060108516,48.17925830345993,6.0,6.0
1175.487346870015,47.569270711574,6.0,6.0
1173.6815897255735,46.963547716752906,6.0,6.0
1171.8700665386311,46.36307605604736,6.0,6.0
1170.0528092702903,45.76884246650798,6.0,6.0
1168.229849881655,45.18183368518547,6.0,6.0
1166.401220333828,44.60303644913051,6.0,6.0
1164.5669525879127,44.033437495393805,6.0,6.0
1162.7270786050121,43.47402356102602,6.0,6.0
1160.8816303462302,42.92578138307782,6.0,6.0
1159.0306397726697,42.38969769859992,6.0,6.0
1157.174138845434,41.86675924464302,6.0,6.0
1155.3121595256266,41.35795275825774,6.0,6.0
1153.4447337743509,40.864264976494866,6.0,6.0
1151.571893552709,40.38668263640491,6.0,6.0
1149.693670927399,39.92619170508785,6.0,6.0
1147.8101359574198,39.483501123037286,6.0,6.0
1145.9214528371488,39.05863342844302,6.0,6.0
1144.0278000894584,38.65150668110295,6.0,6.0
1142.1293562372227,38.262038940815,6.0,6.0
1140.226299803315,37.8901482673771,6.0,6.0
1138.3188093106082,37.53575272058714,6.0,6.0
1136.4070632819755,37.19877036024307,6.0,6.0
1134.4912402402904,36.87911924614279,6.0,6.0
1132.5715187084265,36.57671743808421,6.0,6.0
1130.6480772092566,36.29148299586527,6.0,6.0
1128.7210942656538,36.02333397928387,6.0,6.0
1126.790748400492,35.77218844813793,6.0,6.0
1124.857218136644,35.537964462225375,6.0,6.0
1122.9206819969831,35.32058008134413,6.0,6.0
1120.9813185043831,35.11995336529209,6.0,6.0
1119.039306181717,34.93600237386722,6.0,6.0
1117.0948235518574,34.76864516686736,6.0,6.0
1115.1480491376785,34.61779980409048,6.0,6.0
1113.1991614620529,34.48338434533449,6.0,6.0
1111.2483390478544,34.3653168503973,6.0,6.0
1109.2957604179562,34.26351537907684,6.0,6.0
1107.341604095231,34.17789799117103,6.0,6.0
1105.3860486025528,34.10838274647777,6.0,6.0
1103.4292724627946,34.05488770479499,6.0,6.0
1101.4714541988296,34.01733092592061,6.0,6.0
1099.512772333531,33.99563046965254,6.0,6.0
1097.5534053897723,33.989704395788706,6.0,6.0
1095.593531890427,33.99947076412701,6.0,6.0
1093.6333303583679,34.02484763446539,6.0,6.0
1091.672979316468,34.06575306660176,6.0,6.0
1089.7126572876016,34.12210512033402,6.0,6.0
1087.7525427946412,34.19382185546011,6.0,6.0
1085.79281436046,34.28082133177794,6.0,6.0
1083.8336505079321,34.383021609085404,6.0,6.0
1081.87522975993,34.50034074718046,6.0,6.0
1079.9177306393271,34.63269680586101,6.0,6.0
1077.9613316689968,34.78000784492496,6.0,6.0
1076.0062113718125,34.94219192417025,6.0,6.0
1074.0525482706469,35.11916710339478,6.0,6.0
1072.100520888374,35.31085144239647,6.0,6.0
1070.1503077478665,35.51716300097325,6.0,6.0
1068.2020873719985,35.73801983892302,6.0,6.0
1066.2560382836423,35.973340016043714,6.0,6.0
1064.3123390056717,36.22304159213324,6.0,6.0
1062.37116806096,36.48704262698952,6.0,6.0
1060.43270397238,36.76526118041048,6.0,6.0
1058.4971252628054,37.05761531219401,6.0,6.0
1056.5646104551097,37.364023082138054,6.0,6.0
1054.6353380721655,37.68440255004053,6.0,6.0
1052.7094866368468,38.018671775699346,6.0,6.0
1050.7872346720264,38.36674881891241,6.0,6.0
1048.868760700578,38.728551739477666,6.0,6.0
1046.9542432453745,39.103998597192955,6.0,6.0
1045.0438608292889,39.493007451856315,6.0,6.0
1043.137791975195,39.89549636326559,6.0,6.0
1041.2362152059661,40.31138339121873,6.0,6.0
1039.3393090444752,40.74058659551365,6.0,6.0
1037.4472520135953,41.18302403594823,6.0,6.0
1035.5602226362005,41.638613772320426,6.0,6.0
1033.6783994351633,42.10727386442814,6.0,6.0
1031.8019609333573,42.58892237206929,6.0,6.0
1029.931085653656,43.08347735504179,6.0,6.0
1028.0659521189323,43.59085687314357,6.0,6.0
1026.2067388520597,44.11097898617255,6.0,6.0
1024.3536243759113,44.643761753926626,6.0,6.0
1022.5067872133604,45.189123236203734,6.0,6.0
1020.6664058872806,45.74698149280181,6.0,6.0
1018.8326589205446,46.31725458351872,6.0,6.0
1017.0057248360263,46.899860568152405,6.0,6.0
1015.1857821565985,47.49471750650081,6.0,6.0
1013.3730094051349,48.10174345836175,6.0,6.0
1011.5675851045082,48.7208564835333,6.0,6.0
1009.7696877775923,49.35197464181329,6.0,6.0
1007.9794959472599,49.99501599299967,6.0,6.0
1006.1971881363846,50.649898596890324,6.0,6.0
1004.4229428678397,51.31654051328319,6.0,6.0
1002.6569386644983,51.99485980197619,6.0,6.0
1000.8993540492338,52.68477452276721,6.0,6.0
999.1503675449196,53.38620273545422,6.0,6.0
997.4101576744287,54.099062499835085,6.0,6.0
995.6789029606343,54.82327187570775,6.0,6.0
993.9567819264101,55.55874892287012,6.0,6.0
992.2439730946293,56.30541170112013,6.0,6.0
990.5406549881649,57.06317827025568,6.0,6.0
988.8470061298902,57.83196669007472,6.0,6.0
987.1632050426787,58.611695020375116,6.0,6.0
985.4894302494035,59.402281320954835,6.0,6.0
983.8258602729379,60.20364365161178,6.0,6.0
982.1726736361555,61.01570007214373,6.0,6.0
980.5300488619291,61.83836864234884,6.0,6.0
978.8981644731322,62.671567422024964,6.0,6.0
977.277198992638,63.515214470969944,6.0,6.0
975.6673309433197,64.36922784898174,6.0,6.0
974.0687388480508,65.23352561585827,6.0,6.0
972.4816012297043,66.10802583139744,6.0,6.0
970.9060966111538,66.99264655539719,6.0,6.0
969.3424035152724,67.8873058476554,6.0,6.0
967.7907004649334,68.79192176797001,6.0,6.0
966.25116598301,69.70641237613894,6.0,6.0
964.7239785923756,70.6306957319601,6.0,6.0
963.2093168159034,71.56468989523141,6.0,6.0
961.7073591764668,72.50831292575083,6.0,6.0
960.2182841969387,73.46148288331618,6.0,6.0
958.7422704001929,74.42411782772547,6.0,6.0
957.2794963091022,75.39613581877657,6.0,6.0
955.8301404465403,76.37745491626742,6.0,6.0
954.3943813353806,77.3679931799958,6.0,6.0
952.9723974984955,78.36766866975987,6.0,6.0
951.564367458759,79.37639944535746,6.0,6.0
950.1704697390442,80.39410356658644,6.0,6.0
948.7908828622243,81.42069909324476,6.0,6.0
947.4257853511727,82.45610408513033,6.0,6.0
946.0753557287627,83.50023660204108,6.0,6.0
944.7397725178674,84.55301470377489,6.0,6.0
943.4192142413604,85.61435645012972,6.0,6.0
942.1138594221145,86.68417990090344,6.0,6.0
940.8238865830032,87.76240311589405,6.0,6.0
939.5494742468999,88.84894415489939,6.0,6.0
938.2908009366778,89.94372107771738,6.0,6.0
937.0480451752103,91.04665194414599,6.0,6.0
935.8213854853703,92.1576548139831,6.0,6.0
934.6110003900313,93.27664774702666,6.0,6.0
933.4170684120668,94.40354880307451,6.0,6.0
932.2397680743499,95.53827604192469,6.0,6.0
931.0792778997536,96.68074752337503,6.0,6.0
929.9357764111517,97.83088130722327,6.0,6.0
928.8094421314169,98.98859545326772,6.0,6.0
927.7004535834228,100.15380802130609,6.0,6.0
926.6089892900428,101.32643707113631,6.0,6.0
925.5352277741499,102.50640066255627,6.0,6.0
924.4793475586174,103.69361685536401,6.0,6.0
923.4415271663187,104.8880037093573,6.0,6.0
922.4219451201271,106.08947928433409,6.0,6.0
921.4207799429159,107.29796164009232,6.0,6.0
920.4382101575583,108.51336883642995,6.0,6.0
919.4744142869274,109.73561893314485,6.0,6.0
918.5295708538968,110.96462999003492,6.0,6.0
917.6038583813396,112.20032006689812,6.0,6.0
916.697455392129,113.44260722353236,6.0,6.0
915.8105404091384,114.69140951973554,6.0,6.0
914.943291955241,115.94664501530559,6.0,6.0
914.0958885533103,117.20823177004038,6.0,6.0
913.2685087262192,118.47608784373794,6.0,6.0
912.4613309968414,119.75013129619592,6.0,6.0
911.67453388805,121.03028018721258,6.0,6.0
910.908295922718,122.31645257658576,6.0,6.0
910.1627956237188,123.60856652411327,6.0,6.0
909.438211513926,124.90654008959304,6.0,6.0
908.7347221162127,126.21029133282309,6.0,6.0
908.0525059534519,127.51973831360122,6.0,6.0
907.3917415485173,128.83479909172542,6.0,6.0
906.7526074242819,130.15539172699354,6.0,6.0
906.135282103619,131.48143427920357,6.0,6.0
905.5399441094022,132.8128448081534,6.0,6.0
904.966771964504,134.14954137364094,6.0,6.0
904.4159441917986,135.49144203546413,6.0,6.0
903.8876393141588,136.83846485342085,6.0,6.0
903.3820358544579,138.19052788730906,6.0,6.0
902.8993123355693,139.54754919692667,6.0,6.0
902.439647280366,140.90944684207153,6.0,6.0
902.0032192117216,142.27613888254163,6.0,6.0
901.5902066525093,143.64754337813469,6.0,6.0
901.2007881256021,145.02357838864899,6.0,6.0
900.8351421538736,146.40416197388228,6.0,6.0
900.493447260197,147.7892121936325,6.0,6.0
900.1758819674455,149.17864710769751,6.0,6.0
899.8826159329496,150.57238612291354,6.0,6.0
899.613494274368,151.97039795695838,6.0,6.0
899.3679517983973,153.37271367051602,6.0,6.0
899.1453969956627,154.77936832275736,6.0,6.0
898.9452383567905,156.19039697285322,6.0,6.0
898.766884372406,157.60583467997446,6.0,6.0
898.6097435331351,159.0257165032919,6.0,6.0
898.4732243296035,160.4500775019764,6.0,6.0
898.3567352524369,161.87895273519888,6.0,6.0
898.2596847922608,163.31237726213007,6.0,6.0
898.1814814397012,164.7503861419409,6.0,6.0
898.1215336853837,166.19301443380218,6.0,6.0
898.079250019934,167.6402971968848,6.0,6.0
898.0540389339776,169.09226949035937,6.0,6.0
898.0453089181406,170.54896637339718,6.0,6.0
898.0524684630483,172.01042290516884,6.0,6.0
898.0749260593266,173.47667414484522,6.0,6.0
898.1120901976012,174.94775515159716,6.0,6.0
898.1633693684979,176.4237009845955,6.0,6.0
898.2281720626422,177.9045467030111,6.0,6.0
898.3059067706599,179.39032736601484,6.0,6.0
898.3959819831766,180.8810780327775,6.0,6.0
898.4978061908184,182.37683376247,6.0,6.0
898.6107878842105,183.87762961426316,6.0,6.0
898.7343355539789,185.38350064732782,6.0,6.0
898.8678576907492,186.89448192083483,6.0,6.0
899.0107627851471,188.41060849395504,6.0,6.0
899.1624593277984,189.93191542585933,6.0,6.0
899.3223558093284,191.4584377757185,6.0,6.0
899.4898607203635,192.99021060270346,6.0,6.0
899.6643825515289,194.52726896598497,6.0,6.0
899.8453297934506,196.06964792473397,6.0,6.0
900.032110936754,197.61738253812103,6.0,6.0
900.2241344720647,199.1705078653175,6.0,6.0
900.420808890009,200.72905896549392,6.0,6.0
900.6215426812121,202.2930708978212,6.0,6.0
900.8257443363,203.8625787214702,6.0,6.0
901.032822345898,205.4376174956117,6.0,6.0
901.2421852006323,207.01822227941665,6.0,6.0
901.4532413911282,208.60442813205583,6.0,6.0
901.6653994080116,210.1962701127001,6.0,6.0
901.8780677419084,211.79378328052027,6.0,6.0
902.0906548834437,213.39700269468733,6.0,6.0
902.3025693232438,215.00596341437196,6.0,6.0
902.5132195519341,216.6207004987451,6.0,6.0
902.7220140601405,218.24124900697757,6.0,6.0
902.9283613384885,219.86764399824023,6.0,6.0
903.1316698776038,221.49992053170396,6.0,6.0
903.3313481681123,223.13811366653957,6.0,6.0
903.5268047006397,224.78225846191788,6.0,6.0
903.7174479658114,226.4323899770096,6.0,6.0
903.9026864542533,228.08854327098592,6.0,6.0
904.0819286565913,229.75075340301754,6.0,6.0
904.2545830634507,231.41905543227534,6.0,6.0
904.4200581654576,233.0934844179301,6.0,6.0
904.5777624532375,234.7740754191527,6.0,6.0
904.7271044174161,236.46086349511395,6.0,6.0
904.867492548619,238.15388370498476,6.0,6.0
904.998335337472,239.85317110793596,6.0,6.0
905.119041274601,241.55876076313837,6.0,6.0
905.2290188506314,243.27068772976284,6.0,6.0
905.3276765561892,244.98898706698026,6.0,6.0
905.4144228818997,246.71369383396146,6.0,6.0
905.4886663183892,248.4448430898773,6.0,6.0
905.5498153562826,250.18246989389857,6.0,6.0
905.5972784862064,251.9266093051962,6.0,6.0
905.6304641987857,253.677296382941,6.0,6.0
905.6487809846468,255.43456618630384,6.0,6.0
905.6516373344148,257.19845377445523,6.0,6.0
905.6384417387156,258.96899420656666,6.0,6.0
905.6086026881751,260.74622254180866,6.0,6.0
905.5615286734189,262.5301738393521,6.0,6.0
905.4966281850726,264.32088315836774,6.0,6.0
905.413309713762,266.11838555802655,6.0,6.0
905.3109817501128,267.92271609749923,6.0,6.0
905.1890527847507,269.73390983595687,6.0,6.0
905.0469313083013,271.55200183257006,6.0,6.0
904.8840258113904,273.3770271465098,6.0,6.0
904.6997447846437,275.209020836947,6.0,6.0
904.493496718687,277.0480179630523,6.0,6.0
904.2646901041458,278.89405358399665,6.0,6.0
904.0127334316459,280.74716275895105,6.0,6.0
903.7370351918131,282.60738054708605,6.0,6.0
903.4370038752728,284.47474200757273,6.0,6.0
903.1120479726511,286.3492821995818,6.0,6.0
902.7615759745735,288.23103618228424,6.0,6.0
902.3849963716658,290.1200390148509,6.0,6.0
901.9817176545534,292.01632575645226,6.0,6.0
901.5511483138623,293.9199314662597,6.0,6.0
901.0926968402182,295.83089120344385,6.0,6.0
900.6057717242467,297.7492400271756,6.0,6.0
900.0897814565736,299.67501299662564,6.0,6.0
899.5442423126171,301.6081573423785,6.0,6.0
898.9693909859352,303.5480332613057,6.0,6.0
898.3657594909663,305.4937603076535,6.0,6.0
897.7338807367272,307.4444573067194,6.0,6.0
897.0742876322346,309.3992430838009,6.0,6.0
896.3875130865051,311.35723646419564,6.0,6.0
895.6740900085562,313.3175562732012,6.0,6.0
894.934551307404,315.27932133611495,6.0,6.0
894.1694298920658,317.2416504782346,6.0,6.0
893.3792586715581,319.20366252485763,6.0,6.0
892.564570554898,321.1644763012816,6.0,6.0
891.7258984511019,323.12321063280405,6.0,6.0
890.863775269187,325.0789843447226,6.0,6.0
889.9787339181702,327.0309162623344,6.0,6.0
889.0713073070677,328.9781252109377,6.0,6.0
888.142028344897,330.9197300158296,6.0,6.0
887.1914299406744,332.85484950230784,6.0,6.0
886.220045003417,334.7826024956698,6.0,6.0
885.2284064421415,336.70210782121313,6.0,6.0
884.2170471658648,338.61248430423535,6.0,6.0
883.1865000836036,340.51285077003405,6.0,6.0
882.1372981043748,342.40232604390656,6.0,6.0
881.0699741371951,344.2800289511508,6.0,6.0
879.9850610910814,346.145078317064,6.0,6.0
878.8830918750506,347.996592966944,6.0,6.0
877.7645993981195,349.83369172608803,6.0,6.0
876.6301165693046,351.6554934197939,6.0,6.0
875.4801762976232,353.461116873359,6.0,6.0
874.3153114920918,355.249680912081,6.0,6.0
873.1360550617272,357.0203043612573,6.0,6.0
871.9429399155463,358.77210604618557,6.0,6.0
870.7364989625661,360.5042047921631,6.0,6.0
869.5172651118031,362.2157194244879,6.0,6.0
868.2857712722742,363.9057687684572,6.0,6.0
867.0425503529963,365.57347164936874,6.0,6.0
865.788135262986,367.2179468925199,6.0,6.0
864.5230589112603,368.83831332320824,6.0,6.0
863.247854206836,370.43368976673145,6.0,6.0
861.9630540587299,372.00319504838694,6.0,6.0
860.6691913759587,373.54594799347234,6.0,6.0
859.3667990675395,375.0610674272852,6.0,6.0
858.0564100424887,376.54767217512295,6.0,6.0
856.7385572098235,378.0048810622833,6.0,6.0
855.4137734785604,379.4318129140637,6.0,6.0
854.0825917577165,380.82758655576174,6.0,6.0
852.7455449563085,382.191320812675,6.0,6.0
851.4031659833532,383.52213451010084,6.0,6.0
850.0559877478673,384.819146473337,6.0,6.0
848.7045431588679,386.08147552768105,6.0,6.0
847.3493651253714,387.30824049843045,6.0,6.0
845.9909865563952,388.4985602108826,6.0,6.0
844.6299403609555,389.6515534903354,6.0,6.0
843.2667594480694,390.7663391620862,6.0,6.0
841.9019767267536,391.8420360514326,6.0,6.0
840.536125106025,392.8777629836721,6.0,6.0
839.1697374949005,393.8726387841022,6.0,6.0
837.8033468023967,394.82578227802065,6.0,6.0
836.4374859375306,395.73631229072475,6.0,6.0
835.072687809319,396.60334764751224,6.0,6.0
833.7094853267783,397.4260071736806,6.0,6.0
832.348411398926,398.2034096945273,6.0,6.0
830.9899989347786,398.93467403535004,6.0,6.0
829.6347808433528,399.61891902144623,6.0,6.0
828.2832900336655,400.25526347811353,6.0,6.0
826.9360594147336,400.84282623064945,6.0,6.0
825.5936218955737,401.38072610435154,6.0,6.0
824.2565103852029,401.86808192451736,6.0,6.0
822.9252577926377,402.3040125164444,6.0,6.0
821.6003970268954,402.6876367054302,6.0,6.0
820.2824609969922,403.01807331677236,6.0,6.0
818.9719826119452,403.2944411757686,6.0,6.0
817.6694947807713,403.5158591077161,6.0,6.0
816.3755304124871,403.6814459379127,6.0,6.0
815.0906224161097,403.79032049165585,6.0,6.0
813.8153037006555,403.8416015942432,6.0,6.0
812.5501071751418,403.8344080709721,6.0,6.0
811.2955657485851,403.7678587471402,6.0,6.0
810.052212330002,403.64107244804507,6.0,6.0
808.8205798284098,403.45316799898427,6.0,6.0
807.6012011528252,403.2032642252553,6.0,6.0
806.3946092122649,402.8904799521558,6.0,6.0
805.2013369157456,402.5139340049831,6.0,6.0
804.0219171722844,402.0727452090351,6.0,6.0
802.8568828908979,401.566032389609,6.0,6.0
801.7067669806031,400.9929143720026,6.0,6.0
800.5721023504166,400.3525099815132,6.0,6.0
799.453394959337,399.6440117412686,6.0,6.0
798.3505020759691,398.8683860906128,6.0,6.0
797.2626158398929,398.0284183383765,6.0,6.0
796.1888981522975,397.12697648363974,6.0,6.0
795.1285109143734,396.16692852548215,6.0,6.0
794.0806160273099,395.15114246298356,6.0,6.0
793.0443753922971,394.0824862952237,6.0,6.0
792.0189509105247,392.96382802128255,6.0,6.0
791.0035044831824,391.79803564023973,6.0,6.0
789.9971980114605,390.5879771511755,6.0,6.0
788.999193396548,389.3365205531689,6.0,6.0
788.0086525396351,388.04653384530013,6.0,6.0
787.0247373419118,386.72088502664894,6.0,6.0
786.0466097045673,385.36244209629507,6.0,6.0
785.073431528792,383.9740730533184,6.0,6.0
784.1043647157754,382.5586458967988,6.0,6.0
783.1385711667074,381.119028625816,6.0,6.0
782.1752127827777,379.6580892394497,6.0,6.0
781.2134514651763,378.17869573677984,6.0,6.0
780.2524491150928,376.68371611688605,6.0,6.0
779.291367633717,375.17601837884837,6.0,6.0
778.3293689222388,373.6584705217464,6.0,6.0
777.3656148818479,372.13394054466005,6.0,6.0
776.3992674137343,370.60529644666906,6.0,6.0
775.4294884190875,369.0754062268532,6.0,6.0
774.4554397990976,367.54713788429234,6.0,6.0
773.476283454954,366.02335941806626,6.0,6.0
772.4911812878469,364.50693882725477,6.0,6.0
771.4992951989659,363.0007441109376,6.0,6.0
770.4997870895007,361.5076432681946,6.0,6.0
769.4918188606414,360.0305042981056,6.0,6.0
768.4745524135776,358.57219519975035,6.0,6.0
767.4471496494991,357.1355839722086,6.0,6.0
766.4087724695958,355.72353861456025,6.0,6.0
765.3585827750572,354.3389271258851,6.0,6.0
764.2957424670735,352.98461750526286,6.0,6.0
763.2194134468342,351.6634777517734,6.0,6.0
762.1287576155295,350.37837586449643,6.0,6.0
761.0229368743486,349.1321798425119,6.0,6.0
759.9011131244816,347.9277576848995,6.0,6.0
758.7624482671184,346.767977390739,6.0,6.0
757.6061042034487,345.65570695911026,6.0,6.0
756.4312428346623,344.59381438909304,6.0,6.0
755.2370260619489,343.5851676797672,6.0,6.0
754.0226157864985,342.6326348302125,6.0,6.0
752.7871739095008,341.7390838395088,6.0,6.0
751.529862332146,340.9073827067359,6.0,6.0
750.249842955623,340.14039943097345,6.0,6.0
748.9464055491854,339.4406269222966,6.0,6.0
747.6197642127913,338.80784665311364,6.0,6.0
746.2705393727671,338.24064817543336,6.0,6.0
744.8993532075114,337.73761590172523,6.0,6.0
743.5068278954229,337.29733424445845,6.0,6.0
742.0935856149007,336.9183876161024,6.0,6.0
740.6602485443433,336.59936042912636,6.0,6.0
739.2074388621495,336.3388370959997,6.0,6.0
737.7357787467179,336.13540202919177,6.0,6.0
736.2458903764474,335.9876396411719,6.0,6.0
734.7383959297366,335.8941343444094,6.0,6.0
733.2139175849844,335.8534705513735,6.0,6.0
731.6730775205895,335.8642326745337,6.0,6.0
730.1164979149505,335.9250051263593,6.0,6.0
728.5448009464662,336.03437231931946,6.0,6.0
726.9586087935355,336.1909186658837,6.0,6.0
725.3585436345569,336.3932285785213,6.0,6.0
723.7452276479293,336.6398864697015,6.0,6.0
722.1192830120513,336.92947675189373,6.0,6.0
720.4813319053217,337.2605838375673,6.0,6.0
718.8319965061391,337.6317921391915,6.0,6.0
717.1718989929026,338.0416860692357,6.0,6.0
715.5016615440107,338.4888500401692,6.0,6.0
713.8219063378622,338.97186846446135,6.0,6.0
712.1332555528556,339.4893257545815,6.0,6.0
710.43633136739,340.03980632299886,6.0,6.0
708.7317559598639,340.62189458218296,6.0,6.0
707.0201515086761,341.2341749446029,6.0,6.0
705.3021401922255,341.8752318227282,6.0,6.0
703.5783441889106,342.5436496290281,6.0,6.0
701.8493856771302,343.238012775972,6.0,6.0
700.115886835283,343.95690567602907,6.0,6.0
698.3784698417678,344.69891274166883,6.0,6.0
696.6377568749833,345.4626183853605,6.0,6.0
694.8943701133289,346.24660701957316,6.0,6.0
693.148931735202,347.04946305677663,6.0,6.0
691.4020639190023,347.86977090944004,6.0,6.0
689.6543888431282,348.7061149900327,6.0,6.0
687.9065286859784,349.557079711024,6.0,6.0
686.159105625952,350.42124948488316,6.0,6.0
684.4127418414472,351.29720872407955,6.0,6.0
682.6680595108631,352.1835418410825,6.0,6.0
680.9256808125984,353.0788332483613,6.0,6.0
679.1862279250519,353.9816673583854,6.0,6.0
677.4503230266222,354.890628583624,6.0,6.0
675.7185882957081,355.8043013365465,6.0,6.0
673.9916459107081,356.7212700296222,6.0,6.0
672.2701180500213,357.64011907532046,6.0,6.0
670.5546268920464,358.5594328861106,6.0,6.0
668.845794615182,359.47779587446183,6.0,6.0
667.1442433978266,360.3937924528437,6.0,6.0
665.4505954183795,361.30600703372534,6.0,6.0
663.7654728552391,362.2130240295763,6.0,6.0
662.0894978868041,363.1134278528656,6.0,6.0
660.4232926914733,364.00580291606286,6.0,6.0
658.7674794476454,364.88873363163725,6.0,6.0
657.1226803337192,365.7608044120581,6.0,6.0
655.4895175280935,366.62059966979484,6.0,6.0
653.8686132091669,367.46670381731667,6.0,6.0
652.2605895553382,368.29770126709315,6.0,6.0
650.6660687450062,369.11217643159324,6.0,6.0
649.0856729565696,369.9087137232866,6.0,6.0
647.520024368427,370.6858975546424,6.0,6.0
645.9697451589773,371.44231233812997,6.0,6.0
644.4354575066192,372.17654248621875,6.0,6.0
642.9177835897515,372.88717241137795,6.0,6.0
641.4173455867726,373.5727865260769,6.0,6.0
639.9347656760817,374.231969242785,6.0,6.0
638.4706660360773,374.86330497397154,6.0,6.0
637.0256688451582,375.4653781321058,6.0,6.0
635.6003962817231,376.03677312965726,6.0,6.0
634.1954705241709,376.576074379095,6.0,6.0
632.8115137509,377.08186629288866,6.0,6.0
631.4491481403094,377.55273328350734,6.0,6.0
630.1089958707976,377.9872597634205,6.0,6.0
628.7916791207635,378.3840301450974,6.0,6.0
627.497820068606,378.7416288410074,6.0,6.0
626.2280408927235,379.05864026361985,6.0,6.0
624.982963771515,379.333648825404,6.0,6.0
623.763210883379,379.56523893882917,6.0,6.0
622.5694044067145,379.75199501636473,6.0,6.0
621.4021665199202,379.89250147048006,6.0,6.0
620.2621194013944,379.9853427136445,6.0,6.0
619.1498161553628,380.029248013685,6.0,6.0
618.0652408358231,380.0241399929026,6.0,6.0
617.0080975875501,379.97052827085713,6.0,6.0
615.978088605495,379.8689265560818,6.0,6.0
614.9749160846088,379.7198485571099,6.0,6.0
613.9982822198425,379.5238079824743,6.0,6.0
613.0478892061473,379.2813185407083,6.0,6.0
612.1234392384739,378.9928939403451,6.0,6.0
611.2246345117737,378.65904788991776,6.0,6.0
610.3511772209976,378.2802940979595,6.0,6.0
609.5027695610964,377.85714627300337,6.0,6.0
608.6791137270217,377.39011812358257,6.0,6.0
607.8799119137237,376.8797233582303,6.0,6.0
607.1048663161542,376.3264756854797,6.0,6.0
606.3536791292638,375.7308888138639,6.0,6.0
605.6260525480037,375.093476451916,6.0,6.0
604.9216887673251,374.4147523081691,6.0,6.0
604.2402899821786,373.69523009115653,6.0,6.0
603.5815583875155,372.9354235094113,6.0,6.0
602.9451961782869,372.1358462714666,6.0,6.0
602.3309055494435,371.29701208585567,6.0,6.0
601.7383886959369,370.4194346611115,6.0,6.0
601.1673478127176,369.50362770576737,6.0,6.0
600.6174850947367,368.5501049283563,6.0,6.0
600.0885027369455,367.5593800374116,6.0,6.0
599.580102934295,366.5319667414665,6.0,6.0
599.0919878817359,365.46837874905384,6.0,6.0
598.6238597742197,364.36912976870684,6.0,6.0
598.1754208066969,363.23473350895864,6.0,6.0
597.7463731741192,362.0657036783426,6.0,6.0
597.336419071437,360.8625539853916,6.0,6.0
596.9452606936015,359.625798138639,6.0,6.0
596.5726002355641,358.35594984661793,6.0,6.0
596.2181398922753,357.0535228178614,6.0,6.0
595.8815818586866,355.71903076090274,6.0,6.0
595.5626283297485,354.35298738427497,6.0,6.0
595.2609815004125,352.95590639651124,6.0,6.0
594.9763435656297,351.52830150614477,6.0,6.0
594.7084167203507,350.0706864217086,6.0,6.0
594.4569031595269,348.58357485173605,6.0,6.0
594.221505078109,347.0674805047601,6.0,6.0
594.0019246710482,345.522917089314,6.0,6.0
593.7978641332957,343.95039831393086,6.0,6.0
593.6090256598022,342.3504378871438,6.0,6.0
593.4351114455192,340.72354951748605,6.0,6.0
593.2758236853972,339.0702469134908,6.0,6.0
593.1308645743876,337.39104378369103,6.0,6.0
592.9999363074412,335.68645383662,6.0,6.0
592.8827410795092,333.9569907808108,6.0,6.0
592.7789810855427,332.20316832479665,6.0,6.0
592.6883585204924,330.4255001771107,6.0,6.0
592.6105755793095,328.624500046286,6.0,6.0
592.5453344569454,326.80068164085577,6.0,6.0
592.4923373483505,324.95455866935316,6.0,6.0
592.4512864484764,323.0866448403114,6.0,6.0
592.4218839522737,321.19745386226344,6.0,6.0
592.4038320546935,319.2874994437426,6.0,6.0
592.3968329506871,317.35729529328194,6.0,6.0
592.4005888352052,315.40735511941466,6.0,6.0
592.4148019031993,313.4381926306739,6.0,6.0
592.4391743496199,311.45032153559276,6.0,6.0
592.4734083694183,309.44425554270504,6.0,6.0
592.5172061575456,307.42050836054267,6.0,6.0
592.5702699089527,305.37959369763945,6.0,6.0
592.6323018185905,303.3220252625285,6.0,6.0
592.7030040814104,301.2483167637429,6.0,6.0
592.7820788923631,299.1589819098159,6.0,6.0
592.8692284463999,297.0545344092806,6.0,6.0
592.9641549384716,294.9354879706701,6.0,6.0
593.0665605635293,292.8023563025177,6.0,6.0
593.1761475165242,290.6556531133564,6.0,6.0
593.2926179924069,288.49589211171946,6.0,6.0
593.4156741861291,286.32358700613986,6.0,6.0
593.5450182926413,284.1392515051509,6.0,6.0
593.6803525068946,281.94339931728575,6.0,6.0
593.8213790238402,279.73654415107745,6.0,6.0
593.9678000384291,277.51919971505924,6.0,6.0
594.1193177456123,275.29187971776423,6.0,6.0
594.2756343403407,273.0550978677255,6.0,6.0
594.4364520175654,270.80936787347633,6.0,6.0
594.6014729722377,268.5552034435498,6.0,6.0
594.7703993993084,266.29311828647906,6.0,6.0
594.9429334937283,264.02362611079724,6.0,6.0
595.1187774504491,261.74724062503753,6.0,6.0
595.2976334644211,259.46447553773305,6.0,6.0
595.4792037305957,257.17584455741707,6.0,6.0
595.663190443924,254.88186139262254,6.0,6.0
595.8492957993568,252.5830397518827,6.0,6.0
596.0372219918453,250.2798933437307,6.0,6.0
596.2266712163405,247.97293587669975,6.0,6.0
596.4173456677934,245.6626810593229,6.0,6.0
596.6089475411551,243.34964260013334,6.0,6.0
596.8011790313764,241.03433420766422,6.0,6.0
596.9937423334087,238.71726959044867,6.0,6.0
597.1863396422027,236.39896245701993,6.0,6.0
597.3786731527098,234.07992651591104,6.0,6.0
597.5704450598805,231.76067547565515,6.0,6.0
597.7613575586663,229.4417230447855,6.0,6.0
597.9511128440181,227.1235829318358,6.0,6.0
598.1394131108868,224.80676884533796,6.0,6.0
598.3259605542237,222.49179449382575,6.0,6.0
598.5104573689796,220.1791735858323,6.0,6.0
598.6926057501056,217.86941982989083,6.0,6.0
598.8721078925528,215.56304693453438,6.0,6.0
599.048665991272,213.26056860829624,6.0,6.0
599.2219822412145,210.96249855970942,6.0,6.0
599.3917588373313,208.66935049730722,6.0,6.0
599.5576979745732,206.38163812962264,6.0,6.0
599.7195018478916,204.09987516518885,6.0,6.0
599.8768726522374,201.8245753125391,6.0,6.0
600.0295127485514,199.5562519080746,6.0,6.0
600.177161605676,197.29533509620433,6.0,6.0
600.3196424474424,195.04206725150829,6.0,6.0
600.456789980944,192.79666500430534,6.0,6.0
600.5884389132743,190.55934498491436,6.0,6.0
600.7144239515269,188.3303238236542,6.0,6.0
600.8345798027951,186.1098181508437,6.0,6.0
600.9487411741728,183.89804459680172,6.0,6.0
601.0567427727535,181.69521979184708,6.0,6.0
601.1584193056306,179.5015603662987,6.0,6.0
601.2536054798977,177.31728295047535,6.0,6.0
601.3421360026482,175.14260417469595,6.0,6.0
601.423845580976,172.9777406692794,6.0,6.0
601.4985689219744,170.8229090645444,6.0,6.0
601.5661407327369,168.67832599080995,6.0,6.0
601.6263957203574,166.54420807839486,6.0,6.0
601.679168591929,164.42077195761792,6.0,6.0
601.7242940545455,162.30823425879808,6.0,6.0
601.7616068153004,160.20681161225414,6.0,6.0
601.7909415812874,158.11672064830498,6.0,6.0
601.8121330595998,156.03817799726943,6.0,6.0
601.8250159573313,153.97140028946635,6.0,6.0
601.8294249815752,151.9166041552146,6.0,6.0
601.8251948394255,149.87400622483304,6.0,6.0
601.8121602379755,147.84382312864108,6.0,6.0
601.7901558843188,145.82627149695642,6.0,6.0
601.7590164855488,143.8215679600985,6.0,6.0
601.7185767487591,141.8299291483862,6.0,6.0
601.6686713810435,139.85157169213838,6.0,6.0
601.6091350894951,137.8867122216738,6.0,6.0
601.5398025812079,135.93556736731142,6.0,6.0
601.4605085632753,133.99835375937005,6.0,6.0
601.3710877427907,132.07528802816856,6.0,6.0
601.2713748268477,130.1665868040258,6.0,6.0
601.1612045225402,128.2724667172606,6.0,6.0
601.0404115369611,126.39314439819185,6.0,6.0
600.9088305772045,124.52883647713836,6.0,6.0
600.7662963503636,122.67975958441903,6.0,6.0
600.6126435635323,120.8461303503527,6.0,6.0
600.4477069238039,119.02816540525819,6.0,6.0
600.2713211382719,117.2260813794544,6.0,6.0
600.0833209140302,115.44009490326017,6.0,6.0
599.883540958172,113.67042260699434,6.0,6.0
599.6718159777909,111.91728112097579,6.0,6.0
599.4479806799806,110.18088707552334,6.0,6.0
599.2118697718346,108.46145710095588,6.0,6.0
598.9633179604463,106.75920782759223,6.0,6.0
598.7021599529093,105.07435588575127,6.0,6.0
598.4282304563172,103.40711790575186,6.0,6.0
598.1413641777636,101.75771051791283,6.0,6.0
597.8413958243423,100.12635035255303,6.0,6.0
597.5281601031462,98.51325403999135,6.0,6.0
597.2014917212695,96.9186382105466,6.0,6.0
596.8612253858053,95.34271949453768,6.0,6.0
596.5071958038473,93.7857145222834,6.0,6.0
596.139237682489,92.24783992410265,6.0,6.0
595.7571857288242,90.72931233031424,6.0,6.0
595.360874649946,89.23034837123708,6.0,6.0
594.9501391529485,87.75116467718999,6.0,6.0
594.5248139449247,86.29197787849183,6.0,6.0
594.0847337329686,84.85300460546148,6.0,6.0
593.6297332241736,83.43446148841812,6.0,6.0
593.1596471256331,82.03656515767989,6.0,6.0
592.6743101444409,80.65953224356599,6.0,6.0
592.1735569876902,79.30357937639529,6.0,6.0
591.657222362475,77.96892318648663,6.0,6.0
591.1251409758883,76.6557803041589,6.0,6.0
590.5771475350242,75.36436735973093,6.0,6.0
590.0130767469759,74.0949009835216,6.0,6.0
589.4327633188371,72.84759780584972,6.0,6.0
588.8360419577014,71.62267445703417,6.0,6.0
588.2227473706622,70.4203475673938,6.0,6.0
587.592714264813,69.24083376724744,6.0,6.0
586.9457773472476,68.084349686914,6.0,6.0
586.2817713250595,66.9511119567123,6.0,6.0
585.600530905342,65.84133720696119,6.0,6.0
584.9018907951888,64.75524206797954,6.0,6.0
584.1856857016935,63.6930431700862,6.0,6.0
583.4517503319496,62.65495714359998,6.0,6.0
582.6999193930509,61.641200618839804,6.0,6.0
581.9300275920903,60.6519902261245,6.0,6.0
581.141909636162,59.68754259577291,6.0,6.0
580.3354002323595,58.748074358103906,6.0,6.0
579.5103340877758,57.83380214343633,6.0,6.0
578.666545909505,56.944942582089034,6.0,6.0
577.8038704046404,56.081712304380844,6.0,6.0
576.9221422802757,55.244327940630676,6.0,6.0
576.0211962435043,54.43300612115737,6.0,6.0
575.1008670014198,53.647963476279756,6.0,6.0
574.1609892611158,52.88941663631669,6.0,6.0
573.2013977296858,52.15758223158703,6.0,6.0
572.2219271142235,51.45267689240965,6.0,6.0
571.2224121218221,50.77491724910334,6.0,6.0
570.2026874595756,50.12451993198704,6.0,6.0
569.1626272408861,49.501665070459445,6.0,6.0
568.1023934956162,48.9062661052615,6.0,6.0
567.0222760105576,48.338118139598706,6.0,6.0
565.9225651480352,47.79701574357786,6.0,6.0
564.8035512703727,47.282753487305335,6.0,6.0
563.665524739895,46.795125940887935,6.0,6.0
562.5087759189263,46.33392767443233,6.0,6.0
561.3335951697908,45.89895325804518,6.0,6.0
560.1402728548132,45.48999726183313,6.0,6.0
558.929099336318,45.10685425590286,6.0,6.0
557.7003649766291,44.74931881036101,6.0,6.0
556.4543601380715,44.417185495314264,6.0,6.0
555.1913751829692,44.11024888086927,6.0,6.0
553.9117004736466,43.82830353713269,6.0,6.0
552.6156263724282,43.57114403421118,6.0,6.0
551.3034432416384,43.3385649422114,6.0,6.0
549.9754414436017,43.13036083124002,6.0,6.0
548.6319113406422,42.9463262714037,6.0,6.0
547.2731432950845,42.78625583280908,6.0,6.0
545.899427669253,42.64994408556285,6.0,6.0
544.5110548254721,42.53718559977165,6.0,6.0
543.108315126066,42.44777494554214,6.0,6.0
541.6914989333594,42.381506692981006,6.0,6.0
540.2608966096765,42.338175412194865,6.0,6.0
538.8167985173415,42.31757567329041,6.0,6.0
537.3594950186792,42.31950204637431,6.0,6.0
535.8892764760138,42.34374910155318,6.0,6.0
534.4064332516697,42.390111408933734,6.0,6.0
532.9112557079715,42.4583835386226,6.0,6.0
531.4040342072432,42.54836006072643,6.0,6.0
529.8850591118094,42.65983554535192,6.0,6.0
528.3546207839945,42.7926045626057,6.0,6.0
526.8130095861228,42.946461682594446,6.0,6.0
525.260515880519,43.12120147542481,6.0,6.0
523.697430029507,43.316618511203465,6.0,6.0
522.1240423954116,43.53250736003705,6.0,6.0
520.5406433405572,43.76866259203224,6.0,6.0
518.947523227268,44.0248787772957,6.0,6.0
517.3449724178682,44.300950485934074,6.0,6.0
515.7332812746827,44.59667228805404,6.0,6.0
514.112740160036,44.91183875376216,6.0,6.0
512.4836394362517,45.24624445316527,6.0,6.0
510.8462694656546,45.599683956369944,6.0,6.0
509.200920610569,45.971951833482834,6.0,6.0
507.5478832333197,46.362842654610624,6.0,6.0
505.88744769623065,46.772150989859945,6.0,6.0
504.21990436162633,47.19967140933748,6.0,6.0
502.5455435918313,47.64519848314988,6.0,6.0
500.86465574916997,48.108526781403825,6.0,6.0
499.1775311959665,48.58945087420595,6.0,6.0
497.4844602945454,49.08776533166292,6.0,6.0
495.7857334072311,49.603264723881395,6.0,6.0
494.081640896348,50.135743620968036,6.0,6.0
492.37247312422033,50.68499659302952,6.0,6.0
490.65852045317274,51.25081821017249,6.0,6.0
488.94007324552956,51.833003042503606,6.0,6.0
487.2174218636151,52.43134566012953,6.0,6.0
485.4908566697537,53.04564063315693,6.0,6.0
483.76066802626985,53.67568253169246,6.0,6.0
482.0271462954879,54.321265925842795,6.0,6.0
480.2905818397324,54.98218538571457,6.0,6.0
478.55126502132754,55.65823548141446,6.0,6.0
476.80948620259784,56.349210783049124,6.0,6.0
475.0655357458676,57.05490586072522,6.0,6.0
473.31970401346126,57.77511528454942,6.0,6.0
471.5722813677033,58.509633624628364,6.0,6.0
469.8235581709179,59.25825545106872,6.0,6.0
468.0738247854297,60.02077533397717,6.0,6.0
466.32337157356295,60.79698784346033,6.0,6.0
464.572488897642,61.5866875496249,6.0,6.0
462.82146711999144,62.38966902257754,6.0,6.0
461.07059660293544,63.20572683242487,6.0,6.0
459.3201677087986,64.03465554927361,6.0,6.0
457.5704707999051,64.87624974323037,6.0,6.0
455.8217962385795,65.73030398440184,6.0,6.0
454.0744343871462,66.59661284289464,6.0,6.0
452.3286756079299,67.47497088881524,6.0,6.0
450.58481026325427,68.36517269227075,6.0,6.0
448.843128715444,69.26701282336761,6.0,6.0
447.1039213268235,70.18028585221245,6.0,6.0
445.3674784597173,71.10478634891197,6.0,6.0
443.6340904764497,72.04030888357283,6.0,6.0
441.904047739345,72.98664802630164,6.0,6.0
440.1776406107278,73.9435983472051,6.0,6.0
438.4551594529224,74.91095441638986,6.0,6.0
436.7368946282531,75.8885108039626,6.0,6.0
435.0231364990444,76.87606208002995,6.0,6.0
433.31417542762074,77.8734028146986,6.0,6.0
431.6103017763064,78.88032757807517,6.0,6.0
429.9118059074259,79.89663094026636,6.0,6.0
428.2189781833034,80.92210747137881,6.0,6.0
426.5321089662636,81.95655174151919,6.0,6.0
424.85148861863064,82.99975832079414,6.0,6.0
423.1774075027291,84.05152177931036,6.0,6.0
421.5101559808832,85.11163668717447,6.0,6.0
419.8500244154176,86.17989761449316,6.0,6.0
418.19730316865633,87.25609913137308,6.0,6.0
416.55228260292404,88.34003580792088,6.0,6.0
414.91525308054514,89.43150221424321,6.0,6.0
413.28650496384387,90.53029292044675,6.0,6.0
411.6663286151447,91.63620249663822,6.0,6.0
410.05501439677204,92.74902551292416,6.0,6.0
408.4528526710503,93.86855653941127,6.0,6.0
406.8601338003038,94.99459014620629,6.0,6.0
405.277148146857,96.12692090341581,6.0,6.0
403.7041860730343,97.2653433811465,6.0,6.0
402.14153794116,98.409652149505,6.0,6.0
400.5894941135586,99.559641778598,6.0,6.0
399.0483245943813,100.71509719700667,6.0,6.0
397.518015844539,101.87566904870076,6.0,6.0
395.99834635330814,103.04090948335983,6.0,6.0
394.48908982279494,104.2103683834846,6.0,6.0
392.9900199551059,105.38359563157579,6.0,6.0
391.5009104523477,106.5601411101338,6.0,6.0
390.021535016626,107.73955470165994,6.0,6.0
388.5516673500476,108.92138628865466,6.0,6.0
387.0910811547187,110.10518575361863,6.0,6.0
385.63955013274585,111.29050297905255,6.0,6.0
384.1968479862354,112.47688784745718,6.0,6.0
382.76274841729366,113.66389024133318,6.0,6.0
381.33702512802716,114.85106004318128,6.0,6.0
379.9194518205421,116.03794713550218,6.0,6.0
378.50980219694503,117.22410140079661,6.0,6.0
377.1078499593421,118.40907272156528,6.0,6.0
375.71336880983995,119.5924109803089,6.0,6.0
374.3261324505448,120.77366605952814,6.0,6.0
372.9459145835631,121.95238784172376,6.0,6.0
371.5724889110012,123.12812620939646,6.0,6.0
370.2056291349654,124.30043104504692,6.0,6.0
368.8451089575622,125.46885223117589,6.0,6.0
367.49070208089796,126.63293965028404,6.0,6.0
366.14218220707903,127.79224318487213,6.0,6.0
364.79932303821175,128.9463127174408,6.0,6.0
363.46189827640256,130.09469813049088,6.0,6.0
362.1296816237579,131.23694930652294,6.0,6.0
360.80244678238404,132.3726161280378,6.0,6.0
359.47996745438735,133.5012484775361,6.0,6.0
358.1620173418743,134.62239623751856,6.0,6.0
356.84837014695114,135.73560929048594,6.0,6.0
355.53879957172444,136.8404375189389,6.0,6.0
354.23307931830044,137.93643080537817,6.0,6.0
352.93098308878547,139.02313903230444,6.0,6.0
351.632284585286,140.10011208221846,6.0,6.0
350.33675750990847,141.1668998376209,6.0,6.0
349.0441755647592,142.2230521810125,6.0,6.0
347.75431245194454,143.26811899489394,6.0,6.0
346.4669418735709,144.30165016176596,6.0,6.0
345.1818375317446,145.32319556412924,6.0,6.0
343.8987731285721,146.33230508448452,6.0,6.0
342.61752236615973,147.3285286053325,6.0,6.0
341.33785894661423,148.31141600917366,6.0,6.0
340.05955657204134,149.28051717850917,6.0,6.0
338.7823889445477,150.2353819958395,6.0,6.0
337.5061297662397,151.17556034366538,6.0,6.0
336.23055273922375,152.10060210448754,6.0,6.0
334.95543156560626,153.01005716080664,6.0,6.0
333.6805399474935,153.9034753951234,6.0,6.0
332.40565158699195,154.78040668993856,6.0,6.0
331.130540186208,155.6404009277528,6.0,6.0
329.854979447248,156.48300799106687,6.0,6.0
328.5787430722183,157.30777776238142,6.0,6.0
327.30160476322527,158.11426012419722,6.0,6.0
326.02333822237534,158.90200495901493,6.0,6.0
324.7437171517749,159.67056214933527,6.0,6.0
323.4625152535302,160.419481577659,6.0,6.0
322.17950622974786,161.14831312648678,6.0,6.0
320.89446378253405,161.85660667831934,6.0,6.0
319.6071616139952,162.54391211565738,6.0,6.0
318.3173734262377,163.2097793210016,6.0,6.0
317.02487292136794,163.85375817685275,6.0,6.0
315.72943380149223,164.47539856571152,6.0,6.0
314.4308297687171,165.0742503700786,6.0,6.0
313.1288345251489,165.64986347245468,6.0,6.0
311.8232217728939,166.20178775534058,6.0,6.0
310.5137652140585,166.7295731012369,6.0,6.0
309.20023855074913,167.2327693926444,6.0,6.0
307.88241548507216,167.7109265120638,6.0,6.0
306.56006971913393,168.16359434199575,6.0,6.0
305.2329749550409,168.590322764941,6.0,6.0
303.9009048948994,168.99066166340026,6.0,6.0
302.56363324081576,169.36416091987428,6.0,6.0
301.2209336948964,169.71037041686367,6.0,6.0
299.8725799951636,170.02884015629516,6.0,6.0
298.5184018340917,170.31930619752933,6.0,6.0
297.15839795679,170.58206672676798,6.0,6.0
295.79259890989755,170.81752567534684,6.0,6.0
294.4210352400538,171.02608697460172,6.0,6.0
293.0437374938971,171.20815455586856,6.0,6.0
291.6607362180669,171.36413235048312,6.0,6.0
290.2720619592024,171.49442428978116,6.0,6.0
288.87774526394264,171.59943430509853,6.0,6.0
287.47781667892673,171.67956632777103,6.0,6.0
286.0723067507937,171.73522428913452,6.0,6.0
284.6612460261827,171.76681212052475,6.0,6.0
283.24466505173285,171.7747337532776,6.0,6.0
281.8225943740832,171.7593931187288,6.0,6.0
280.39506453987286,171.72119414821424,6.0,6.0
278.96210609574104,171.66054077306964,6.0,6.0
277.5237495883266,171.57783692463096,6.0,6.0
276.08002556426885,171.47348653423393,6.0,6.0
274.6309645702068,171.34789353321432,6.0,6.0
273.1765971527796,171.20146185290804,6.0,6.0
271.71695385862625,171.03459542465086,6.0,6.0
270.2520652343859,170.84769817977858,6.0,6.0
268.7819618266977,170.64117404962698,6.0,6.0
267.30667418220065,170.41542696553196,6.0,6.0
265.82623284753396,170.17086085882931,6.0,6.0
264.34066836933664,169.90787966085483,6.0,6.0
262.8500112942478,169.6268873029443,6.0,6.0
261.3542921689065,169.32828771643358,6.0,6.0
259.85354153995195,169.01248483265852,6.0,6.0
258.3477899540232,168.67988258295483,6.0,6.0
256.83706795775936,168.33088489865838,6.0,6.0
255.3214060977994,167.965895711105,6.0,6.0
253.80083492078256,167.5853189516305,6.0,6.0
252.2753849733479,167.18955855157066,6.0,6.0
250.74508680213455,166.77901844226133,6.0,6.0
249.20997095378158,166.3541025550383,6.0,6.0
247.67006797492806,165.9152148212374,6.0,6.0
246.1254084122131,165.4627591721945,6.0,6.0
244.57602281227577,164.99713953924527,6.0,6.0
243.0219417217552,164.51875985372567,6.0,6.0
241.46319568729058,164.02802404697144,6.0,6.0
239.89981525552128,163.52533605031851,6.0,6.0
238.33183097308563,163.0110997951025,6.0,6.0
236.75927338662314,162.4857192126593,6.0,6.0
235.1821730427729,161.94959823432472,6.0,6.0
233.60056048817395,161.40314079143462,6.0,6.0
232.01446626946552,160.84675081532478,6.0,6.0
230.4239209332866,160.28083223733105,6.0,6.0
228.82895502627633,159.70578898878918,6.0,6.0
227.2295990950738,159.12202500103504,6.0,6.0
225.6258836863181,158.52994420540438,6.0,6.0
224.01783934664837,157.92995053323313,6.0,6.0
222.40549662270365,157.32244791585703,6.0,6.0
220.78888606112304,156.70784028461188,6.0,6.0
219.16803820854568,156.08653157083347,6.0,6.0
217.54298361161065,155.45892570585772,6.0,6.0
215.91375281695701,154.82542662102037,6.0,6.0
214.28037637122392,154.18643824765724,6.0,6.0
212.64288482105044,153.54236451710415,6.0,6.0
211.00130871307567,152.89360936069693,6.0,6.0
209.35567859393873,152.24057670977135,6.0,6.0
207.70602501027872,151.58367049566328,6.0,6.0
206.0523785087347,150.9232946497085,6.0,6.0
204.3947696359458,150.25985310324285,6.0,6.0
202.7332289385511,149.5937497876021,6.0,6.0
201.0677869631897,148.92538863412207,6.0,6.0
199.39847425650066,148.2551735741386,6.0,6.0
197.72532136512316,147.58350853898753,6.0,6.0
196.0483588356962,146.91079746000466,6.0,6.0
194.36761721485902,146.23744426852573,6.0,6.0
192.6831270492506,145.56385289588667,6.0,6.0
190.99491888551003,144.89042727342323,6.0,6.0
189.30302327027653,144.2175713324712,6.0,6.0
187.60747075018907,143.54568900436644,6.0,6.0
185.90829187188677,142.87518422044477,6.0,6.0
184.20551718200875,142.20646091204196,6.0,6.0
182.4991772271941,141.53992301049385,6.0,6.0
180.78930255408244,140.87597444713643,6.0,6.0
179.07592370931187,140.21501915330515,6.0,6.0
177.35907123952194,139.55746106033604,6.0,6.0
175.6387756913518,138.9037040995649,6.0,6.0
173.91506761144055,138.25415220232748,6.0,6.0
172.1879775464272,137.60920929995964,6.0,6.0
170.45753604295095,136.96927932379722,6.0,6.0
168.72377364765086,136.33476620517598,6.0,6.0
166.986720907166,135.70607387543183,6.0,6.0
165.24640836813552,135.0836062659005,6.0,6.0
163.5028665771985,134.46776730791782,6.0,6.0
161.75612608099402,133.8589609328196,6.0,6.0
160.0062174261612,133.25759107194168,6.0,6.0
158.2531711593391,132.66406165661982,6.0,6.0
156.49701782716684,132.07877661818992,6.0,6.0
154.73778797628353,131.50213988798774,6.0,6.0
152.97551215332825,130.93455539734907,6.0,6.0
151.21022090494012,130.3764270776098,6.0,6.0
149.44194600864006,129.82815456175996,6.0,6.0
147.67080360133633,129.28984289252375,6.0,6.0
145.89704700517947,128.7611180499115,6.0,6.0
144.12094212786263,128.24156206413204,6.0,6.0
142.3427548770789,127.73075696539416,6.0,6.0
140.56275116052143,127.22828478390663,6.0,6.0
138.78119688588333,126.73372754987822,6.0,6.0
136.99835796085773,126.24666729351776,6.0,6.0
135.2145002931378,125.76668604503399,6.0,6.0
133.4298897904166,125.29336583463571,6.0,6.0
131.64479236038727,124.8262886925317,6.0,6.0
129.85947391074293,124.36503664893078,6.0,6.0
128.07420034917678,123.9091917340417,6.0,6.0
126.28923758338186,123.45833597807321,6.0,6.0
124.50485152105132,123.01205141123417,6.0,6.0
122.72130806987829,122.56992006373333,6.0,6.0
120.9388731375559,122.1315239657795,6.0,6.0
119.15781263177728,121.6964451475814,6.0,6.0
117.37839246023553,121.26426563934787,6.0,6.0
115.60087853062429,120.83456747128783,6.0,6.0
113.8255367506357,120.40693267360977,6.0,6.0
112.05263302796335,119.98094327652262,6.0,6.0
110.28243327030042,119.55618131023519,6.0,6.0
108.51520338533999,119.13222880495623,6.0,6.0
106.75120928077521,118.70866779089455,6.0,6.0
104.99071686429919,118.2850802982589,6.0,6.0
103.23399204360504,117.8610483572581,6.0,6.0
101.48130072638594,117.43615399810093,6.0,6.0
99.73290882033497,117.00997925099617,6.0,6.0
97.98908223314527,116.5821061461526,6.0,6.0
96.25008687250995,116.15211671377901,6.0,6.0
94.51618864612217,115.71959298408419,6.0,6.0
92.78765346167505,115.28411698727692,6.0,6.0
91.06474722686166,114.84527075356597,6.0,6.0
89.34773584937518,114.40263631316013,6.0,6.0
87.63688523690874,113.95579569626821,6.0,6.0
85.93246129715543,113.50433093309898,6.0,6.0
84.23472993780841,113.04782405386123,6.0,6.0
82.54395706656078,112.58585708876375,6.0,6.0
80.86040859110568,112.11801206801529,6.0,6.0
79.18435041913621,111.6438710218247,6.0,6.0
77.51604845834555,111.16301598040067,6.0,6.0
75.85576861642676,110.67502897395207,6.0,6.0
74.20377680107303,110.17949203268766,6.0,6.0
72.56033891997743,109.67598718681622,6.0,6.0
70.92572088083311,109.16409646654654,6.0,6.0
69.30018859133321,108.64340190208736,6.0,6.0
67.68400795917083,108.11348552364754,6.0,6.0
66.0774448920391,107.57392936143583,6.0,6.0
64.48076529763117,107.02431544566102,6.0,6.0
62.894235083640126,106.46422580653189,6.0,6.0
61.31812015775913,105.89324247425722,6.0,6.0
59.75268642768128,105.31094747904581,6.0,6.0
58.19819980109973,104.71692285110643,6.0,6.0
56.65492618570757,104.11075062064786,6.0,6.0
55.12313148919797,103.49201281787892,6.0,6.0
53.60308161926444,102.86029147300853,6.0,6.0
52.09504248359926,102.21516861624517,6.0,6.0
50.59927998989601,101.55622627779776,6.0,6.0
49.11606004584778,100.88304648787509,6.0,6.0
47.64564855914773,100.19521127668597,6.0,6.0
46.18831143748896,99.49230267443913,6.0,6.0
44.74431458856462,98.77390271134342,6.0,6.0
43.3139239200678,98.03959341760759,6.0,6.0
41.897405339691666,97.28895682344044,6.0,6.0
40.4950247551293,96.52157495905077,6.0,6.0
39.10704807407387,95.7370298546473,6.0,6.0
37.733741204218475,94.93490354043888,6.0,6.0
36.37537005325626,94.11477804663429,6.0,6.0
35.032200528880324,93.27623540344227,6.0,6.0
33.704498538783824,92.41885764107164,6.0,6.0
32.39252999065985,91.54222678973119,6.0,6.0
31.096560792201572,90.64592487962969,6.0,6.0
29.81685685110207,89.72953394097593,6.0,6.0
28.553684075054495,88.79263600397869,6.0,6.0
27.307308371751965,87.83481309884677,6.0,6.0
26.077995648887637,86.85564725578894,6.0,6.0
24.866011814154582,85.85472050501397,6.0,6.0
23.671622775245947,84.8316148767307,6.0,6.0
22.495094439854867,83.78591240114784,6.0,6.0
21.336692715674495,82.71719510847424,6.0,6.0
20.196683510397897,81.62504502891866,6.0,6.0
19.07533273171822,80.50904419268986,6.0,6.0
17.972906287328602,79.3687746299967,6.0,6.0
16.889670084922194,78.20381837104789,6.0,6.0
15.825890032192053,77.01375744605221,6.0,6.0
14.781832036831348,75.79817388521852,6.0,6.0
13.757762006533198,74.55664971875555,6.0,6.0
12.753945848990767,73.28876697687207,6.0,6.0
11.770649471897102,71.99410768977694,6.0,6.0
10.808138782945377,70.67225388767883,6.0,6.0
9.866679689828704,69.32278760078665,6.0,6.0
8.946538100240492,67.94529085930948,6.0,6.0
8.047979921873313,66.5393456934554,6.0,6.0
7.171271062420573,65.10453413343353,6.0,6.0
6.316677429575414,63.64043820945268,6.0,6.0
5.484464931030921,62.146639951721625,6.0,6.0
4.674899474480235,60.62272139044914,6.0,6.0
3.888246967616489,59.06826455584405,6.0,6.0
3.1247733181328314,57.48285147811508,6.0,6.0
2.3847444337223465,55.86606418747105,6.0,6.0
1.6684262220781676,54.21748471412076,6.0,6.0
0.9760845908934286,52.53669508827298,6.0,6.0
0.30798544786129156,50.823277340136485,6.0,6.0
-0.3355698084832185,49.076919832082524,6.0,6.0
-0.9535558791486032,47.29947976488217,6.0,6.0
-1.5442714507009654,45.494839709050176,6.0,6.0
-2.1059893101318616,43.66695983139409,6.0,6.0
-2.636982244432849,41.819800298721496,6.0,6.0
-3.1355230405954826,39.957321277839924,6.0,6.0
-3.599884485611321,38.08348293555696,6.0,6.0
-4.0283393664719185,36.202245438680144,6.0,6.0
-4.419160470168834,34.31756895401705,6.0,6.0
-4.770620583693623,32.43341364837522,6.0,6.0
-5.080992494037843,30.553739688562228,6.0,6.0
-5.348548988193049,28.682507241385633,6.0,6.0
-5.571562853150798,26.823676473652995,6.0,6.0
-5.748306875902648,24.98120755217187,6.0,6.0
-5.877053843440155,23.159060643749818,6.0,6.0
-5.956076542754875,21.3611959151944,6.0,6.0
-5.983647760838365,19.59157353331317,6.0,6.0
-5.9580402846821805,17.8541536649137,6.0,6.0
-5.877526901277879,16.152896476803537,6.0,6.0
-5.740380397617017,14.491762135790246,6.0,6.0
-5.544873560691151,12.874710808681392,6.0,6.0
-5.28927917749184,11.305702662284526,6.0,6.0
-4.971870035010635,9.788697863407217,6.0,6.0
-4.590918920239099,8.327656578857011,6.0,6.0
-4.144698620168787,6.926538975441485,6.0,6.0
-3.6314819217914023,5.589305219968551,6.0,6.0
-3.049541612098226,4.319915479245019,6.0,6.0
-2.3971504780809365,3.122329920078844,6.0,6.0
-1.672581306731101,2.00050870927757,6.0,6.0
-0.8741068850402698,0.9584120136487719,6.0,6.0
0.0,0.0,6.0,6.0
